site,wildtype,mutant,gen_mut
19,I,A,19A
19,I,D,19D
19,I,E,19E
19,I,F,19F
19,I,G,19G
19,I,H,19H
19,I,K,19K
19,I,L,19L
19,I,M,19M
19,I,N,19N
19,I,P,19P
19,I,Q,19Q
19,I,R,19R
19,I,S,19S
19,I,T,19T
19,I,V,19V
19,I,W,19W
19,I,Y,19Y
20,P,A,20A
20,P,C,20C
20,P,D,20D
20,P,E,20E
20,P,F,20F
20,P,G,20G
20,P,H,20H
20,P,I,20I
20,P,K,20K
20,P,L,20L
20,P,M,20M
20,P,N,20N
20,P,Q,20Q
20,P,R,20R
20,P,S,20S
20,P,T,20T
20,P,V,20V
20,P,W,20W
20,P,Y,20Y
21,G,A,21A
21,G,D,21D
21,G,E,21E
21,G,F,21F
21,G,H,21H
21,G,I,21I
21,G,L,21L
21,G,M,21M
21,G,N,21N
21,G,P,21P
21,G,Q,21Q
21,G,R,21R
21,G,S,21S
21,G,T,21T
21,G,V,21V
21,G,W,21W
21,G,Y,21Y
22,N,A,22A
22,N,D,22D
22,N,E,22E
22,N,F,22F
22,N,G,22G
22,N,H,22H
22,N,I,22I
22,N,K,22K
22,N,L,22L
22,N,M,22M
22,N,P,22P
22,N,Q,22Q
22,N,R,22R
22,N,S,22S
22,N,T,22T
22,N,V,22V
22,N,W,22W
22,N,Y,22Y
23,D,C,23C
23,D,E,23E
23,D,F,23F
23,D,G,23G
23,D,H,23H
23,D,I,23I
23,D,K,23K
23,D,L,23L
23,D,M,23M
23,D,N,23N
23,D,P,23P
23,D,Q,23Q
23,D,S,23S
23,D,T,23T
23,D,V,23V
23,D,Y,23Y
24,N,A,24A
24,N,C,24C
24,N,D,24D
24,N,E,24E
24,N,F,24F
24,N,G,24G
24,N,H,24H
24,N,I,24I
24,N,K,24K
24,N,L,24L
24,N,M,24M
24,N,P,24P
24,N,Q,24Q
24,N,R,24R
24,N,S,24S
24,N,T,24T
24,N,V,24V
24,N,W,24W
24,N,Y,24Y
25,S,A,25A
25,S,D,25D
25,S,E,25E
25,S,F,25F
25,S,G,25G
25,S,H,25H
25,S,I,25I
25,S,K,25K
25,S,L,25L
25,S,M,25M
25,S,N,25N
25,S,P,25P
25,S,Q,25Q
25,S,R,25R
25,S,T,25T
25,S,V,25V
25,S,W,25W
25,S,Y,25Y
26,T,A,26A
26,T,C,26C
26,T,D,26D
26,T,E,26E
26,T,F,26F
26,T,G,26G
26,T,H,26H
26,T,I,26I
26,T,K,26K
26,T,L,26L
26,T,M,26M
26,T,Q,26Q
26,T,R,26R
26,T,V,26V
26,T,W,26W
26,T,Y,26Y
27,A,P,27P
27,A,T,27T
27,A,V,27V
28,T,A,28A
28,T,C,28C
28,T,E,28E
28,T,F,28F
28,T,H,28H
28,T,I,28I
28,T,K,28K
28,T,L,28L
28,T,M,28M
28,T,Q,28Q
28,T,V,28V
28,T,W,28W
28,T,Y,28Y
29,L,I,29I
31,L,I,31I
31,L,V,31V
32,G,F,32F
33,H,R,33R
34,H,I,34I
34,H,Q,34Q
34,H,Y,34Y
35,A,N,35N
35,A,S,35S
35,A,T,35T
36,V,F,36F
37,P,A,37A
37,P,C,37C
37,P,F,37F
37,P,G,37G
37,P,H,37H
37,P,I,37I
37,P,K,37K
37,P,L,37L
37,P,M,37M
37,P,N,37N
37,P,Q,37Q
37,P,R,37R
37,P,S,37S
37,P,T,37T
37,P,V,37V
37,P,W,37W
38,N,A,38A
38,N,D,38D
38,N,E,38E
38,N,H,38H
38,N,K,38K
38,N,L,38L
38,N,Q,38Q
38,N,R,38R
38,N,S,38S
38,N,T,38T
38,N,W,38W
38,N,Y,38Y
40,T,A,40A
40,T,E,40E
40,T,F,40F
40,T,H,40H
40,T,I,40I
40,T,K,40K
40,T,M,40M
40,T,Q,40Q
40,T,V,40V
40,T,Y,40Y
41,I,F,41F
41,I,H,41H
41,I,K,41K
41,I,L,41L
41,I,M,41M
41,I,Q,41Q
41,I,R,41R
41,I,S,41S
41,I,V,41V
41,I,W,41W
41,I,Y,41Y
42,V,I,42I
43,K,A,43A
43,K,H,43H
43,K,M,43M
43,K,N,43N
43,K,Q,43Q
43,K,R,43R
43,K,S,43S
43,K,T,43T
44,T,S,44S
45,I,M,45M
45,I,P,45P
45,I,V,45V
45,I,W,45W
46,T,A,46A
46,T,E,46E
46,T,G,46G
46,T,H,46H
46,T,I,46I
46,T,K,46K
46,T,L,46L
46,T,M,46M
46,T,N,46N
46,T,Q,46Q
46,T,R,46R
46,T,S,46S
46,T,V,46V
46,T,Y,46Y
47,N,A,47A
47,N,C,47C
47,N,D,47D
47,N,E,47E
47,N,F,47F
47,N,G,47G
47,N,H,47H
47,N,I,47I
47,N,K,47K
47,N,L,47L
47,N,M,47M
47,N,Q,47Q
47,N,R,47R
47,N,S,47S
47,N,T,47T
47,N,V,47V
47,N,W,47W
47,N,Y,47Y
48,D,A,48A
48,D,E,48E
48,D,G,48G
48,D,H,48H
48,D,I,48I
48,D,L,48L
48,D,M,48M
48,D,N,48N
48,D,P,48P
48,D,Q,48Q
48,D,S,48S
48,D,T,48T
48,D,W,48W
48,D,Y,48Y
49,R,A,49A
49,R,D,49D
49,R,E,49E
49,R,F,49F
49,R,G,49G
49,R,H,49H
49,R,I,49I
49,R,K,49K
49,R,L,49L
49,R,M,49M
49,R,N,49N
49,R,Q,49Q
49,R,V,49V
49,R,W,49W
49,R,Y,49Y
50,I,E,50E
50,I,L,50L
50,I,M,50M
50,I,N,50N
50,I,Q,50Q
50,I,T,50T
50,I,V,50V
51,E,A,51A
51,E,D,51D
51,E,Q,51Q
51,E,S,51S
52,V,C,52C
53,T,A,53A
53,T,C,53C
53,T,I,53I
53,T,M,53M
53,T,N,53N
53,T,V,53V
53,T,Y,53Y
54,N,A,54A
54,N,C,54C
54,N,D,54D
54,N,E,54E
54,N,F,54F
54,N,G,54G
54,N,K,54K
54,N,M,54M
54,N,Q,54Q
54,N,R,54R
54,N,S,54S
54,N,T,54T
54,N,Y,54Y
55,A,D,55D
55,A,L,55L
55,A,N,55N
55,A,S,55S
55,A,T,55T
56,T,A,56A
56,T,E,56E
56,T,F,56F
56,T,I,56I
56,T,L,56L
56,T,M,56M
56,T,Q,56Q
56,T,V,56V
56,T,Y,56Y
57,E,K,57K
60,Q,A,60A
60,Q,D,60D
60,Q,E,60E
60,Q,F,60F
60,Q,G,60G
60,Q,H,60H
60,Q,I,60I
60,Q,K,60K
60,Q,L,60L
60,Q,M,60M
60,Q,T,60T
60,Q,V,60V
60,Q,W,60W
60,Q,Y,60Y
61,N,A,61A
61,N,C,61C
61,N,D,61D
61,N,G,61G
61,N,H,61H
61,N,I,61I
61,N,K,61K
61,N,L,61L
61,N,R,61R
61,N,S,61S
61,N,T,61T
61,N,V,61V
62,S,A,62A
62,S,D,62D
62,S,E,62E
62,S,F,62F
62,S,G,62G
62,S,H,62H
62,S,I,62I
62,S,K,62K
62,S,L,62L
62,S,M,62M
62,S,N,62N
62,S,Q,62Q
62,S,R,62R
62,S,T,62T
62,S,V,62V
62,S,W,62W
62,S,Y,62Y
63,S,A,63A
63,S,D,63D
63,S,F,63F
63,S,G,63G
63,S,I,63I
63,S,L,63L
63,S,M,63M
63,S,N,63N
63,S,T,63T
63,S,V,63V
63,S,Y,63Y
64,I,A,64A
64,I,D,64D
64,I,E,64E
64,I,F,64F
64,I,G,64G
64,I,H,64H
64,I,K,64K
64,I,L,64L
64,I,N,64N
64,I,P,64P
64,I,Q,64Q
64,I,R,64R
64,I,S,64S
64,I,T,64T
64,I,V,64V
64,I,W,64W
64,I,Y,64Y
65,G,A,65A
65,G,P,65P
65,G,R,65R
65,G,Y,65Y
66,E,A,66A
66,E,C,66C
66,E,F,66F
66,E,G,66G
66,E,H,66H
66,E,I,66I
66,E,K,66K
66,E,L,66L
66,E,M,66M
66,E,N,66N
66,E,P,66P
66,E,Q,66Q
66,E,R,66R
66,E,S,66S
66,E,T,66T
66,E,V,66V
66,E,W,66W
66,E,Y,66Y
67,I,L,67L
69,D,A,69A
69,D,E,69E
69,D,G,69G
69,D,N,69N
69,D,Q,69Q
69,D,S,69S
70,S,A,70A
70,S,E,70E
70,S,G,70G
70,S,H,70H
70,S,K,70K
70,S,M,70M
70,S,N,70N
70,S,Q,70Q
70,S,R,70R
70,S,T,70T
70,S,Y,70Y
72,H,F,72F
72,H,I,72I
72,H,L,72L
72,H,W,72W
72,H,Y,72Y
73,Q,A,73A
73,Q,D,73D
73,Q,E,73E
73,Q,F,73F
73,Q,H,73H
73,Q,I,73I
73,Q,K,73K
73,Q,L,73L
73,Q,M,73M
73,Q,N,73N
73,Q,R,73R
73,Q,S,73S
73,Q,T,73T
73,Q,V,73V
74,I,V,74V
75,L,I,75I
75,L,V,75V
77,G,V,77V
78,E,A,78A
78,E,D,78D
78,E,G,78G
78,E,H,78H
78,E,I,78I
78,E,K,78K
78,E,L,78L
78,E,M,78M
78,E,N,78N
78,E,Q,78Q
78,E,R,78R
78,E,V,78V
78,E,W,78W
79,N,D,79D
80,C,D,80D
83,I,K,83K
83,I,M,83M
85,A,I,85I
86,L,I,86I
89,D,A,89A
91,Q,A,91A
91,Q,E,91E
91,Q,G,91G
91,Q,H,91H
91,Q,L,91L
91,Q,M,91M
91,Q,N,91N
91,Q,S,91S
93,D,E,93E
94,G,D,94D
94,G,E,94E
94,G,S,94S
94,G,V,94V
95,F,I,95I
95,F,L,95L
96,Q,A,96A
96,Q,E,96E
96,Q,K,96K
96,Q,M,96M
97,N,D,97D
97,N,G,97G
98,K,A,98A
98,K,E,98E
98,K,Q,98Q
98,K,R,98R
98,K,S,98S
98,K,T,98T
98,K,V,98V
99,K,A,99A
99,K,C,99C
99,K,D,99D
99,K,E,99E
99,K,H,99H
99,K,N,99N
99,K,Q,99Q
99,K,R,99R
99,K,S,99S
99,K,T,99T
100,W,F,100F
102,L,I,102I
102,L,V,102V
103,F,Y,103Y
104,V,I,104I
104,V,L,104L
107,N,E,107E
107,N,P,107P
107,N,S,107S
107,N,T,107T
108,K,A,108A
108,K,D,108D
108,K,E,108E
108,K,F,108F
108,K,G,108G
108,K,H,108H
108,K,I,108I
108,K,L,108L
108,K,M,108M
108,K,N,108N
108,K,Q,108Q
108,K,R,108R
108,K,S,108S
108,K,T,108T
108,K,V,108V
108,K,W,108W
108,K,Y,108Y
109,A,S,109S
109,A,T,109T
109,A,V,109V
110,Y,A,110A
110,Y,D,110D
110,Y,E,110E
110,Y,F,110F
110,Y,G,110G
110,Y,H,110H
110,Y,I,110I
110,Y,K,110K
110,Y,M,110M
110,Y,N,110N
110,Y,Q,110Q
110,Y,R,110R
110,Y,S,110S
110,Y,T,110T
110,Y,V,110V
110,Y,W,110W
112,N,A,112A
112,N,D,112D
112,N,G,112G
112,N,Q,112Q
112,N,S,112S
112,N,T,112T
112,N,Y,112Y
117,D,E,117E
117,D,V,117V
118,V,I,118I
119,P,A,119A
119,P,D,119D
119,P,E,119E
119,P,F,119F
119,P,H,119H
119,P,I,119I
119,P,K,119K
119,P,M,119M
119,P,N,119N
119,P,Q,119Q
119,P,R,119R
119,P,S,119S
119,P,T,119T
119,P,V,119V
119,P,W,119W
119,P,Y,119Y
120,D,H,120H
120,D,Q,120Q
121,Y,L,121L
122,A,D,122D
122,A,E,122E
122,A,H,122H
122,A,I,122I
122,A,L,122L
122,A,M,122M
122,A,N,122N
122,A,Q,122Q
122,A,S,122S
122,A,T,122T
122,A,V,122V
122,A,W,122W
123,S,D,123D
123,S,G,123G
123,S,N,123N
123,S,T,123T
123,S,W,123W
126,S,A,126A
128,V,I,128I
130,S,A,130A
130,S,D,130D
130,S,E,130E
130,S,F,130F
130,S,G,130G
130,S,H,130H
130,S,K,130K
130,S,L,130L
130,S,M,130M
130,S,N,130N
130,S,Q,130Q
130,S,R,130R
130,S,T,130T
130,S,V,130V
130,S,W,130W
131,S,A,131A
131,S,I,131I
131,S,L,131L
131,S,M,131M
133,T,S,133S
137,N,A,137A
137,N,D,137D
137,N,E,137E
137,N,F,137F
137,N,H,137H
137,N,I,137I
137,N,K,137K
137,N,L,137L
137,N,M,137M
137,N,Q,137Q
137,N,S,137S
137,N,T,137T
137,N,V,137V
137,N,W,137W
137,N,Y,137Y
138,N,A,138A
138,N,D,138D
138,N,E,138E
138,N,F,138F
138,N,H,138H
138,N,I,138I
138,N,L,138L
138,N,M,138M
138,N,P,138P
138,N,Q,138Q
138,N,S,138S
138,N,T,138T
138,N,V,138V
138,N,Y,138Y
140,S,A,140A
140,S,D,140D
140,S,E,140E
140,S,F,140F
140,S,G,140G
140,S,H,140H
140,S,I,140I
140,S,K,140K
140,S,L,140L
140,S,M,140M
140,S,N,140N
140,S,P,140P
140,S,Q,140Q
140,S,R,140R
140,S,V,140V
140,S,W,140W
140,S,Y,140Y
142,N,D,142D
144,A,E,144E
144,A,T,144T
147,T,A,147A
147,T,I,147I
147,T,K,147K
147,T,L,147L
147,T,N,147N
147,T,Q,147Q
147,T,S,147S
147,T,V,147V
148,Q,C,148C
148,Q,E,148E
148,Q,V,148V
149,N,D,149D
149,N,S,149S
150,G,H,150H
151,T,A,151A
151,T,E,151E
151,T,G,151G
151,T,H,151H
151,T,K,151K
151,T,M,151M
151,T,N,151N
151,T,Q,151Q
151,T,S,151S
151,T,V,151V
152,S,T,152T
153,S,A,153A
153,S,F,153F
153,S,G,153G
153,S,Y,153Y
154,S,A,154A
154,S,D,154D
154,S,F,154F
154,S,H,154H
154,S,L,154L
154,S,M,154M
154,S,N,154N
154,S,Q,154Q
154,S,T,154T
154,S,W,154W
154,S,Y,154Y
156,I,K,156K
156,I,M,156M
156,I,N,156N
156,I,P,156P
156,I,Q,156Q
157,R,D,157D
157,R,S,157S
158,G,A,158A
158,G,D,158D
158,G,E,158E
158,G,F,158F
158,G,H,158H
158,G,I,158I
158,G,K,158K
158,G,M,158M
158,G,N,158N
158,G,Q,158Q
158,G,R,158R
158,G,S,158S
158,G,T,158T
158,G,W,158W
159,S,A,159A
159,S,D,159D
159,S,E,159E
159,S,G,159G
159,S,H,159H
159,S,K,159K
159,S,M,159M
159,S,N,159N
159,S,Q,159Q
159,S,T,159T
159,S,W,159W
160,K,A,160A
160,K,D,160D
160,K,E,160E
160,K,G,160G
160,K,H,160H
160,K,I,160I
160,K,N,160N
160,K,Q,160Q
160,K,R,160R
160,K,S,160S
160,K,T,160T
160,K,V,160V
161,S,A,161A
161,S,E,161E
161,S,G,161G
161,S,H,161H
161,S,K,161K
161,S,N,161N
161,S,P,161P
161,S,Q,161Q
161,S,T,161T
161,S,W,161W
166,R,K,166K
171,T,H,171H
171,T,S,171S
172,H,A,172A
172,H,E,172E
172,H,G,172G
172,H,K,172K
172,H,M,172M
172,H,N,172N
172,H,P,172P
172,H,Q,172Q
172,H,S,172S
173,L,A,173A
173,L,D,173D
173,L,E,173E
173,L,F,173F
173,L,G,173G
173,L,H,173H
173,L,K,173K
173,L,M,173M
173,L,N,173N
173,L,Q,173Q
173,L,S,173S
173,L,T,173T
173,L,Y,173Y
174,N,D,174D
174,N,E,174E
174,N,G,174G
174,N,K,174K
175,S,A,175A
175,S,D,175D
175,S,E,175E
175,S,F,175F
175,S,G,175G
175,S,H,175H
175,S,K,175K
175,S,L,175L
175,S,M,175M
175,S,N,175N
175,S,P,175P
175,S,Q,175Q
175,S,R,175R
175,S,T,175T
175,S,V,175V
175,S,W,175W
175,S,Y,175Y
176,K,A,176A
176,K,D,176D
176,K,E,176E
176,K,G,176G
176,K,H,176H
176,K,M,176M
176,K,N,176N
176,K,Q,176Q
176,K,R,176R
176,K,S,176S
176,K,T,176T
176,K,V,176V
177,Y,F,177F
177,Y,H,177H
177,Y,M,177M
177,Y,W,177W
178,P,D,178D
179,A,D,179D
179,A,E,179E
179,A,F,179F
179,A,H,179H
179,A,I,179I
179,A,L,179L
179,A,M,179M
179,A,N,179N
179,A,P,179P
179,A,Q,179Q
179,A,S,179S
179,A,T,179T
179,A,V,179V
179,A,W,179W
179,A,Y,179Y
180,L,F,180F
180,L,H,180H
180,L,I,180I
180,L,Q,180Q
181,N,E,181E
182,V,A,182A
183,T,S,183S
184,M,Q,184Q
187,N,H,187H
187,N,K,187K
187,N,Q,187Q
187,N,T,187T
187,N,Y,187Y
188,E,D,188D
188,E,G,188G
188,E,Q,188Q
188,E,V,188V
189,Q,A,189A
189,Q,C,189C
189,Q,D,189D
189,Q,E,189E
189,Q,F,189F
189,Q,G,189G
189,Q,H,189H
189,Q,I,189I
189,Q,K,189K
189,Q,L,189L
189,Q,M,189M
189,Q,N,189N
189,Q,P,189P
189,Q,S,189S
189,Q,T,189T
189,Q,V,189V
189,Q,W,189W
189,Q,Y,189Y
190,F,H,190H
190,F,Y,190Y
191,D,T,191T
195,I,V,195V
199,H,E,199E
199,H,F,199F
199,H,L,199L
199,H,M,199M
199,H,V,199V
199,H,W,199W
200,H,E,200E
200,H,N,200N
202,G,A,202A
202,G,C,202C
202,G,D,202D
202,G,E,202E
202,G,H,202H
202,G,I,202I
202,G,K,202K
202,G,M,202M
202,G,N,202N
202,G,P,202P
202,G,S,202S
202,G,V,202V
203,T,A,203A
203,T,D,203D
203,T,E,203E
203,T,F,203F
203,T,N,203N
203,T,S,203S
204,D,A,204A
204,D,E,204E
204,D,F,204F
204,D,H,204H
204,D,I,204I
204,D,L,204L
204,D,M,204M
204,D,N,204N
204,D,Q,204Q
204,D,S,204S
204,D,T,204T
204,D,V,204V
204,D,W,204W
204,D,Y,204Y
205,K,A,205A
205,K,D,205D
205,K,E,205E
205,K,F,205F
205,K,G,205G
205,K,H,205H
205,K,I,205I
205,K,L,205L
205,K,M,205M
205,K,N,205N
205,K,Q,205Q
205,K,R,205R
205,K,S,205S
205,K,T,205T
205,K,V,205V
205,K,Y,205Y
206,D,E,206E
206,D,N,206N
207,Q,S,207S
208,I,A,208A
208,I,D,208D
208,I,E,208E
208,I,F,208F
208,I,G,208G
208,I,H,208H
208,I,K,208K
208,I,L,208L
208,I,M,208M
208,I,N,208N
208,I,Q,208Q
208,I,R,208R
208,I,S,208S
208,I,T,208T
208,I,V,208V
208,I,W,208W
208,I,Y,208Y
209,S,A,209A
209,S,D,209D
209,S,E,209E
209,S,F,209F
209,S,G,209G
209,S,H,209H
209,S,K,209K
209,S,L,209L
209,S,M,209M
209,S,N,209N
209,S,Q,209Q
209,S,R,209R
209,S,T,209T
211,Y,E,211E
211,Y,F,211F
211,Y,G,211G
211,Y,H,211H
211,Y,I,211I
211,Y,K,211K
211,Y,M,211M
211,Y,N,211N
211,Y,Q,211Q
211,Y,R,211R
211,Y,S,211S
211,Y,T,211T
212,A,D,212D
212,A,E,212E
212,A,G,212G
212,A,N,212N
212,A,P,212P
212,A,Q,212Q
212,A,S,212S
212,A,V,212V
212,A,W,212W
213,Q,A,213A
213,Q,C,213C
213,Q,D,213D
213,Q,E,213E
213,Q,F,213F
213,Q,G,213G
213,Q,H,213H
213,Q,I,213I
213,Q,K,213K
213,Q,L,213L
213,Q,M,213M
213,Q,N,213N
213,Q,P,213P
213,Q,R,213R
213,Q,S,213S
213,Q,T,213T
213,Q,V,213V
213,Q,W,213W
213,Q,Y,213Y
214,S,A,214A
214,S,C,214C
214,S,D,214D
214,S,E,214E
214,S,F,214F
214,S,G,214G
214,S,H,214H
214,S,I,214I
214,S,K,214K
214,S,L,214L
214,S,M,214M
214,S,N,214N
214,S,P,214P
214,S,Q,214Q
214,S,R,214R
214,S,W,214W
214,S,Y,214Y
215,S,A,215A
215,S,D,215D
215,S,E,215E
215,S,G,215G
215,S,H,215H
215,S,I,215I
215,S,K,215K
215,S,L,215L
215,S,M,215M
215,S,N,215N
215,S,P,215P
215,S,Q,215Q
215,S,T,215T
215,S,V,215V
215,S,W,215W
215,S,Y,215Y
216,G,A,216A
216,G,M,216M
216,G,N,216N
216,G,P,216P
216,G,S,216S
216,G,T,216T
217,R,A,217A
217,R,D,217D
217,R,E,217E
217,R,F,217F
217,R,G,217G
217,R,H,217H
217,R,I,217I
217,R,K,217K
217,R,L,217L
217,R,M,217M
217,R,N,217N
217,R,P,217P
217,R,Q,217Q
217,R,S,217S
217,R,T,217T
217,R,V,217V
217,R,W,217W
218,I,T,218T
218,I,V,218V
219,T,A,219A
219,T,E,219E
219,T,H,219H
219,T,I,219I
219,T,M,219M
219,T,Q,219Q
219,T,S,219S
219,T,V,219V
223,K,A,223A
223,K,G,223G
223,K,M,223M
223,K,Q,223Q
223,K,R,223R
223,K,S,223S
223,K,T,223T
224,R,A,224A
224,R,D,224D
224,R,E,224E
224,R,F,224F
224,R,G,224G
224,R,H,224H
224,R,I,224I
224,R,K,224K
224,R,L,224L
224,R,M,224M
224,R,N,224N
224,R,Q,224Q
224,R,S,224S
224,R,T,224T
224,R,V,224V
224,R,Y,224Y
225,S,T,225T
226,Q,E,226E
226,Q,I,226I
226,Q,V,226V
228,A,D,228D
228,A,E,228E
228,A,I,228I
228,A,T,228T
228,A,V,228V
229,V,A,229A
229,V,I,229I
230,I,A,230A
230,I,D,230D
230,I,E,230E
230,I,F,230F
230,I,G,230G
230,I,H,230H
230,I,K,230K
230,I,L,230L
230,I,M,230M
230,I,Q,230Q
230,I,R,230R
230,I,S,230S
230,I,T,230T
230,I,V,230V
230,I,W,230W
230,I,Y,230Y
231,P,A,231A
231,P,F,231F
231,P,I,231I
231,P,M,231M
231,P,N,231N
231,P,S,231S
231,P,T,231T
231,P,V,231V
232,N,A,232A
232,N,D,232D
232,N,E,232E
232,N,F,232F
232,N,H,232H
232,N,I,232I
232,N,K,232K
232,N,L,232L
232,N,M,232M
232,N,Q,232Q
232,N,R,232R
232,N,S,232S
232,N,T,232T
232,N,V,232V
232,N,Y,232Y
233,I,D,233D
233,I,E,233E
233,I,F,233F
233,I,L,233L
233,I,M,233M
233,I,Q,233Q
233,I,V,233V
234,G,A,234A
234,G,D,234D
234,G,F,234F
234,G,H,234H
234,G,I,234I
234,G,M,234M
234,G,P,234P
234,G,S,234S
234,G,T,234T
234,G,V,234V
234,G,Y,234Y
235,S,A,235A
235,S,D,235D
235,S,E,235E
235,S,F,235F
235,S,G,235G
235,S,H,235H
235,S,I,235I
235,S,K,235K
235,S,L,235L
235,S,M,235M
235,S,N,235N
235,S,P,235P
235,S,Q,235Q
235,S,T,235T
235,S,V,235V
235,S,Y,235Y
236,R,A,236A
236,R,C,236C
236,R,D,236D
236,R,E,236E
236,R,F,236F
236,R,H,236H
236,R,I,236I
236,R,K,236K
236,R,L,236L
236,R,M,236M
236,R,N,236N
236,R,Q,236Q
236,R,S,236S
236,R,T,236T
236,R,V,236V
236,R,W,236W
236,R,Y,236Y
237,P,A,237A
237,P,T,237T
238,R,A,238A
238,R,D,238D
238,R,E,238E
238,R,F,238F
238,R,G,238G
238,R,H,238H
238,R,I,238I
238,R,K,238K
238,R,L,238L
238,R,M,238M
238,R,N,238N
238,R,P,238P
238,R,Q,238Q
238,R,S,238S
238,R,T,238T
238,R,V,238V
238,R,W,238W
238,R,Y,238Y
239,I,L,239L
239,I,R,239R
239,I,V,239V
240,R,A,240A
240,R,D,240D
240,R,E,240E
240,R,F,240F
240,R,H,240H
240,R,I,240I
240,R,K,240K
240,R,L,240L
240,R,M,240M
240,R,N,240N
240,R,P,240P
240,R,Q,240Q
240,R,S,240S
240,R,V,240V
240,R,W,240W
240,R,Y,240Y
241,D,E,241E
241,D,G,241G
241,D,N,241N
241,D,T,241T
242,I,F,242F
242,I,H,242H
242,I,L,242L
242,I,M,242M
242,I,N,242N
242,I,Q,242Q
242,I,S,242S
242,I,T,242T
242,I,V,242V
243,P,A,243A
243,P,D,243D
243,P,E,243E
243,P,G,243G
243,P,H,243H
243,P,I,243I
243,P,M,243M
243,P,N,243N
243,P,Q,243Q
243,P,S,243S
243,P,T,243T
243,P,V,243V
244,S,A,244A
245,R,F,245F
245,R,G,245G
246,I,V,246V
247,S,D,247D
247,S,I,247I
247,S,Q,247Q
247,S,T,247T
247,S,V,247V
249,Y,H,249H
250,W,F,250F
250,W,H,250H
250,W,Y,250Y
252,I,V,252V
254,K,A,254A
254,K,P,254P
254,K,Q,254Q
254,K,R,254R
258,I,A,258A
258,I,C,258C
258,I,D,258D
258,I,E,258E
258,I,M,258M
258,I,Q,258Q
258,I,S,258S
258,I,T,258T
258,I,V,258V
260,L,A,260A
260,L,C,260C
260,L,E,260E
260,L,F,260F
260,L,H,260H
260,L,I,260I
260,L,M,260M
260,L,N,260N
260,L,Q,260Q
260,L,S,260S
260,L,Y,260Y
263,S,A,263A
263,S,F,263F
263,S,H,263H
263,S,T,263T
267,L,F,267F
274,F,Y,274Y
275,K,P,275P
275,K,R,275R
275,K,V,275V
276,I,L,276L
276,I,M,276M
276,I,V,276V
277,R,A,277A
277,R,G,277G
277,R,H,277H
277,R,I,277I
277,R,K,277K
277,R,L,277L
277,R,M,277M
277,R,N,277N
277,R,Q,277Q
277,R,S,277S
277,R,T,277T
277,R,V,277V
277,R,Y,277Y
278,S,A,278A
278,S,D,278D
278,S,E,278E
278,S,G,278G
278,S,H,278H
278,S,K,278K
278,S,M,278M
278,S,N,278N
278,S,P,278P
278,S,Q,278Q
278,S,R,278R
278,S,T,278T
278,S,Y,278Y
280,K,A,280A
280,K,D,280D
280,K,G,280G
280,K,H,280H
280,K,N,280N
280,K,Q,280Q
280,K,R,280R
280,K,S,280S
280,K,T,280T
281,S,A,281A
282,S,T,282T
283,I,V,283V
284,M,I,284I
284,M,L,284L
285,R,H,285H
285,R,I,285I
285,R,K,285K
285,R,L,285L
285,R,M,285M
285,R,Q,285Q
285,R,T,285T
285,R,V,285V
286,S,T,286T
287,D,N,287N
288,A,H,288H
288,A,L,288L
288,A,M,288M
289,P,K,289K
291,G,A,291A
291,G,C,291C
291,G,D,291D
291,G,H,291H
291,G,I,291I
291,G,K,291K
291,G,L,291L
291,G,M,291M
291,G,Q,291Q
291,G,R,291R
291,G,S,291S
291,G,T,291T
291,G,V,291V
292,K,E,292E
292,K,H,292H
292,K,I,292I
292,K,L,292L
292,K,M,292M
292,K,N,292N
292,K,Q,292Q
292,K,R,292R
292,K,S,292S
292,K,T,292T
292,K,V,292V
294,K,A,294A
294,K,D,294D
294,K,E,294E
294,K,F,294F
294,K,H,294H
294,K,I,294I
294,K,L,294L
294,K,M,294M
294,K,N,294N
294,K,Q,294Q
294,K,R,294R
294,K,S,294S
294,K,T,294T
294,K,V,294V
294,K,W,294W
294,K,Y,294Y
295,S,A,295A
295,S,C,295C
295,S,D,295D
295,S,E,295E
295,S,F,295F
295,S,G,295G
295,S,H,295H
295,S,I,295I
295,S,K,295K
295,S,L,295L
295,S,M,295M
295,S,N,295N
295,S,Q,295Q
295,S,R,295R
295,S,V,295V
295,S,Y,295Y
296,E,A,296A
296,E,D,296D
296,E,F,296F
296,E,G,296G
296,E,H,296H
296,E,I,296I
296,E,L,296L
296,E,M,296M
296,E,N,296N
296,E,P,296P
296,E,Q,296Q
296,E,S,296S
296,E,T,296T
296,E,V,296V
296,E,W,296W
298,I,H,298H
298,I,V,298V
299,T,S,299S
300,P,A,300A
304,I,L,304L
304,I,M,304M
305,P,A,305A
305,P,E,305E
305,P,H,305H
305,P,S,305S
306,N,A,306A
306,N,G,306G
306,N,T,306T
306,N,V,306V
307,D,A,307A
307,D,E,307E
307,D,G,307G
307,D,H,307H
307,D,I,307I
307,D,M,307M
307,D,N,307N
307,D,Q,307Q
307,D,S,307S
307,D,T,307T
307,D,V,307V
307,D,Y,307Y
308,K,L,308L
308,K,R,308R
312,N,H,312H
312,N,S,312S
313,V,I,313I
313,V,L,313L
314,N,H,314H
315,R,H,315H
315,R,K,315K
315,R,M,315M
315,R,P,315P
315,R,Q,315Q
315,R,S,315S
315,R,T,315T
316,I,A,316A
316,I,D,316D
316,I,H,316H
316,I,Q,316Q
316,I,T,316T
316,I,V,316V
316,I,W,316W
317,T,A,317A
317,T,H,317H
317,T,S,317S
318,Y,F,318F
320,A,D,320D
320,A,F,320F
320,A,H,320H
320,A,K,320K
320,A,L,320L
320,A,M,320M
320,A,N,320N
320,A,R,320R
320,A,S,320S
320,A,T,320T
323,R,A,323A
323,R,F,323F
323,R,H,323H
323,R,I,323I
323,R,K,323K
323,R,L,323L
323,R,M,323M
323,R,P,323P
323,R,Q,323Q
323,R,S,323S
323,R,T,323T
323,R,V,323V
323,R,W,323W
323,R,Y,323Y
324,Y,F,324F
325,V,I,325I
326,K,H,326H
326,K,I,326I
326,K,L,326L
326,K,N,326N
326,K,R,326R
326,K,T,326T
326,K,V,326V
327,Q,A,327A
327,Q,H,327H
327,Q,L,327L
327,Q,M,327M
327,Q,S,327S
327,Q,V,327V
328,S,A,328A
328,S,D,328D
328,S,E,328E
328,S,G,328G
328,S,K,328K
328,S,M,328M
328,S,N,328N
328,S,P,328P
328,S,Q,328Q
328,S,R,328R
328,S,T,328T
328,S,Y,328Y
329,T,H,329H
329,T,S,329S
330,L,I,330I
331,K,L,331L
331,K,M,331M
331,K,R,331R
334,T,L,334L
334,T,M,334M
334,T,V,334V
339,V,C,339C
339,V,F,339F
339,V,H,339H
339,V,I,339I
339,V,K,339K
339,V,L,339L
339,V,M,339M
339,V,N,339N
339,V,R,339R
339,V,S,339S
339,V,T,339T
339,V,W,339W
339,V,Y,339Y
340,P,A,340A
340,P,H,340H
340,P,K,340K
340,P,M,340M
340,P,N,340N
340,P,Q,340Q
340,P,R,340R
341,E,D,341D
341,E,S,341S
342,R,A,342A
342,R,F,342F
342,R,H,342H
342,R,I,342I
342,R,K,342K
342,R,L,342L
342,R,Q,342Q
342,R,S,342S
342,R,T,342T
342,R,V,342V
342,R,Y,342Y
343,Q,A,343A
343,Q,E,343E
343,Q,K,343K
343,Q,N,343N
343,Q,R,343R
343,Q,S,343S
343,Q,T,343T
344,T,A,344A
344,T,C,344C
344,T,D,344D
344,T,F,344F
344,T,G,344G
344,T,M,344M
344,T,P,344P
344,T,Q,344Q
344,T,S,344S
344,T,V,344V
344,T,Y,344Y
345,R,K,345K
346,G,A,346A
347,I,A,347A
347,I,F,347F
347,I,L,347L
347,I,M,347M
347,I,V,347V
348,F,I,348I
348,F,L,348L
349,G,A,349A
349,G,K,349K
349,G,M,349M
349,G,R,349R
349,G,S,349S
349,G,T,349T
350,A,L,350L
350,A,M,350M
350,A,S,350S
351,I,L,351L
351,I,M,351M
351,I,V,351V
355,I,L,355L
357,N,H,357H
357,N,Y,357Y
360,E,C,360C
360,E,D,360D
360,E,F,360F
360,E,L,360L
360,E,M,360M
360,E,N,360N
360,E,S,360S
360,E,T,360T
360,E,V,360V
360,E,Y,360Y
361,G,C,361C
362,M,F,362F
362,M,L,362L
363,V,A,363A
363,V,C,363C
363,V,E,363E
363,V,F,363F
363,V,H,363H
363,V,I,363I
363,V,K,363K
363,V,L,363L
363,V,M,363M
363,V,N,363N
363,V,Q,363Q
363,V,R,363R
363,V,S,363S
363,V,T,363T
363,V,Y,363Y
369,F,W,369W
369,F,Y,369Y
370,R,M,370M
370,R,Q,370Q
372,Q,A,372A
372,Q,C,372C
372,Q,D,372D
372,Q,E,372E
372,Q,F,372F
372,Q,H,372H
372,Q,I,372I
372,Q,K,372K
372,Q,L,372L
372,Q,M,372M
372,Q,S,372S
372,Q,T,372T
372,Q,V,372V
372,Q,W,372W
372,Q,Y,372Y
374,S,A,374A
374,S,C,374C
374,S,D,374D
374,S,E,374E
374,S,F,374F
374,S,G,374G
374,S,H,374H
374,S,I,374I
374,S,L,374L
374,S,M,374M
374,S,N,374N
374,S,Q,374Q
374,S,T,374T
374,S,V,374V
374,S,Y,374Y
375,E,D,375D
375,E,Q,375Q
377,R,A,377A
377,R,E,377E
377,R,F,377F
377,R,G,377G
377,R,H,377H
377,R,I,377I
377,R,K,377K
377,R,L,377L
377,R,M,377M
377,R,N,377N
377,R,Q,377Q
377,R,S,377S
377,R,T,377T
377,R,V,377V
377,R,W,377W
377,R,Y,377Y
379,Q,E,379E
379,Q,F,379F
379,Q,M,379M
379,Q,T,379T
379,Q,Y,379Y
380,A,S,380S
380,A,V,380V
381,A,Q,381Q
383,L,A,383A
383,L,E,383E
383,L,F,383F
383,L,H,383H
383,L,I,383I
383,L,K,383K
383,L,M,383M
383,L,Q,383Q
383,L,R,383R
383,L,V,383V
383,L,W,383W
383,L,Y,383Y
384,K,A,384A
384,K,D,384D
384,K,E,384E
384,K,F,384F
384,K,G,384G
384,K,H,384H
384,K,I,384I
384,K,L,384L
384,K,M,384M
384,K,P,384P
384,K,Q,384Q
384,K,R,384R
384,K,S,384S
384,K,T,384T
384,K,V,384V
384,K,W,384W
384,K,Y,384Y
385,S,A,385A
385,S,H,385H
385,S,T,385T
387,Q,A,387A
387,Q,N,387N
387,Q,R,387R
387,Q,S,387S
387,Q,T,387T
388,A,C,388C
388,A,D,388D
388,A,E,388E
388,A,F,388F
388,A,H,388H
388,A,K,388K
388,A,L,388L
388,A,M,388M
388,A,N,388N
388,A,Q,388Q
388,A,R,388R
388,A,S,388S
388,A,T,388T
388,A,V,388V
388,A,W,388W
388,A,Y,388Y
389,A,C,389C
389,A,I,389I
389,A,S,389S
389,A,T,389T
389,A,V,389V
390,I,A,390A
390,I,E,390E
390,I,H,390H
390,I,L,390L
390,I,M,390M
390,I,Q,390Q
390,I,R,390R
390,I,S,390S
390,I,T,390T
390,I,V,390V
390,I,W,390W
390,I,Y,390Y
391,D,A,391A
391,D,E,391E
391,D,G,391G
391,D,H,391H
391,D,M,391M
391,D,N,391N
391,D,Q,391Q
391,D,S,391S
391,D,T,391T
392,Q,A,392A
392,Q,E,392E
392,Q,G,392G
392,Q,H,392H
392,Q,I,392I
392,Q,K,392K
392,Q,L,392L
392,Q,M,392M
392,Q,S,392S
392,Q,T,392T
392,Q,V,392V
392,Q,Y,392Y
393,I,L,393L
393,I,V,393V
394,N,A,394A
394,N,D,394D
394,N,E,394E
394,N,G,394G
394,N,H,394H
394,N,Q,394Q
394,N,R,394R
394,N,S,394S
394,N,W,394W
395,G,D,395D
395,G,E,395E
395,G,H,395H
395,G,K,395K
395,G,M,395M
395,G,N,395N
395,G,P,395P
395,G,Q,395Q
395,G,R,395R
395,G,S,395S
395,G,T,395T
395,G,V,395V
395,G,W,395W
395,G,Y,395Y
396,K,A,396A
396,K,D,396D
396,K,G,396G
396,K,N,396N
396,K,Q,396Q
397,L,F,397F
397,L,I,397I
397,L,M,397M
397,L,V,397V
397,L,W,397W
397,L,Y,397Y
398,N,A,398A
398,N,D,398D
398,N,E,398E
398,N,G,398G
398,N,K,398K
398,N,R,398R
398,N,S,398S
398,N,T,398T
399,R,A,399A
399,R,G,399G
399,R,H,399H
399,R,K,399K
399,R,M,399M
399,R,N,399N
399,R,S,399S
399,R,T,399T
400,L,F,400F
400,L,I,400I
400,L,M,400M
400,L,V,400V
400,L,W,400W
401,I,L,401L
401,I,M,401M
401,I,T,401T
401,I,V,401V
402,G,A,402A
402,G,C,402C
402,G,D,402D
402,G,E,402E
402,G,F,402F
402,G,H,402H
402,G,I,402I
402,G,K,402K
402,G,L,402L
402,G,M,402M
402,G,N,402N
402,G,P,402P
402,G,Q,402Q
402,G,S,402S
402,G,T,402T
402,G,V,402V
402,G,W,402W
402,G,Y,402Y
403,K,A,403A
403,K,D,403D
403,K,H,403H
403,K,N,403N
403,K,Q,403Q
403,K,R,403R
403,K,T,403T
403,K,V,403V
404,T,A,404A
404,T,E,404E
404,T,G,404G
404,T,K,404K
404,T,P,404P
404,T,Q,404Q
404,T,S,404S
404,T,V,404V
404,T,Y,404Y
405,N,D,405D
405,N,G,405G
405,N,Q,405Q
405,N,S,405S
405,N,T,405T
406,E,A,406A
406,E,D,406D
406,E,F,406F
406,E,H,406H
406,E,I,406I
406,E,L,406L
406,E,M,406M
406,E,N,406N
406,E,P,406P
406,E,Q,406Q
406,E,R,406R
406,E,S,406S
406,E,T,406T
406,E,V,406V
406,E,Y,406Y
407,K,E,407E
407,K,G,407G
407,K,H,407H
407,K,M,407M
407,K,N,407N
407,K,Q,407Q
407,K,R,407R
408,F,S,408S
408,F,W,408W
408,F,Y,408Y
410,Q,A,410A
410,Q,E,410E
410,Q,G,410G
410,Q,H,410H
410,Q,S,410S
410,Q,T,410T
413,K,D,413D
414,E,D,414D
414,E,S,414S
415,F,D,415D
415,F,E,415E
415,F,H,415H
415,F,W,415W
415,F,Y,415Y
416,S,A,416A
416,S,C,416C
416,S,D,416D
416,S,E,416E
416,S,G,416G
416,S,H,416H
416,S,I,416I
416,S,L,416L
416,S,M,416M
416,S,N,416N
416,S,P,416P
416,S,Q,416Q
416,S,R,416R
416,S,T,416T
416,S,V,416V
416,S,Y,416Y
417,E,D,417D
417,E,F,417F
417,E,G,417G
417,E,I,417I
417,E,K,417K
417,E,L,417L
417,E,M,417M
417,E,N,417N
417,E,Q,417Q
417,E,S,417S
417,E,T,417T
417,E,V,417V
417,E,W,417W
417,E,Y,417Y
418,V,A,418A
418,V,F,418F
418,V,H,418H
418,V,I,418I
418,V,K,418K
418,V,L,418L
418,V,M,418M
418,V,N,418N
418,V,Q,418Q
418,V,R,418R
418,V,S,418S
418,V,T,418T
418,V,W,418W
419,E,A,419A
419,E,M,419M
419,E,Q,419Q
420,G,N,420N
420,G,P,420P
420,G,V,420V
421,R,C,421C
422,I,L,422L
422,I,M,422M
422,I,Q,422Q
422,I,T,422T
422,I,V,422V
422,I,W,422W
422,I,Y,422Y
423,Q,M,423M
425,L,I,425I
425,L,N,425N
425,L,V,425V
426,E,I,426I
426,E,M,426M
427,K,C,427C
427,K,E,427E
427,K,L,427L
427,K,N,427N
427,K,Q,427Q
427,K,R,427R
427,K,S,427S
427,K,T,427T
427,K,V,427V
427,K,Y,427Y
428,Y,M,428M
429,V,I,429I
429,V,M,429M
429,V,N,429N
429,V,T,429T
431,D,G,431G
431,D,T,431T
432,T,A,432A
432,T,C,432C
432,T,E,432E
432,T,S,432S
432,T,V,432V
433,K,T,433T
434,I,T,434T
434,I,V,434V
435,D,E,435E
436,L,I,436I
436,L,M,436M
439,Y,A,439A
439,Y,F,439F
439,Y,K,439K
442,E,D,442D
443,L,M,443M
443,L,Q,443Q
443,L,T,443T
443,L,V,443V
444,L,A,444A
444,L,I,444I
444,L,M,444M
444,L,Q,444Q
444,L,V,444V
445,V,T,445T
446,A,K,446K
446,A,L,446L
446,A,M,446M
446,A,N,446N
446,A,Q,446Q
446,A,R,446R
446,A,S,446S
446,A,T,446T
447,L,F,447F
447,L,I,447I
447,L,M,447M
447,L,T,447T
447,L,V,447V
447,L,W,447W
447,L,Y,447Y
448,E,N,448N
450,Q,E,450E
450,Q,T,450T
451,H,E,451E
451,H,M,451M
451,H,Q,451Q
453,I,L,453L
453,I,V,453V
454,D,A,454A
454,D,E,454E
454,D,H,454H
454,D,Q,454Q
455,L,A,455A
455,L,F,455F
455,L,M,455M
455,L,V,455V
455,L,W,455W
455,L,Y,455Y
456,T,F,456F
456,T,L,456L
457,D,A,457A
458,S,A,458A
458,S,D,458D
458,S,E,458E
458,S,F,458F
458,S,G,458G
458,S,H,458H
458,S,I,458I
458,S,K,458K
458,S,L,458L
458,S,M,458M
458,S,N,458N
458,S,Q,458Q
458,S,R,458R
458,S,T,458T
458,S,W,458W
458,S,Y,458Y
459,E,A,459A
459,E,F,459F
459,E,K,459K
459,E,L,459L
459,E,Q,459Q
459,E,S,459S
459,E,T,459T
459,E,V,459V
459,E,Y,459Y
460,M,P,460P
460,M,W,460W
461,N,A,461A
461,N,C,461C
461,N,E,461E
461,N,G,461G
461,N,I,461I
461,N,K,461K
461,N,L,461L
461,N,M,461M
461,N,Q,461Q
461,N,R,461R
461,N,S,461S
461,N,T,461T
461,N,V,461V
461,N,Y,461Y
462,K,A,462A
462,K,H,462H
462,K,I,462I
462,K,L,462L
462,K,N,462N
462,K,Q,462Q
462,K,R,462R
462,K,S,462S
464,F,E,464E
464,F,W,464W
464,F,Y,464Y
465,E,A,465A
465,E,D,465D
465,E,I,465I
465,E,L,465L
465,E,M,465M
465,E,Q,465Q
465,E,S,465S
465,E,T,465T
465,E,V,465V
465,E,Y,465Y
466,K,A,466A
466,K,D,466D
466,K,E,466E
466,K,F,466F
466,K,G,466G
466,K,H,466H
466,K,L,466L
466,K,M,466M
466,K,N,466N
466,K,Q,466Q
466,K,R,466R
466,K,S,466S
466,K,T,466T
466,K,V,466V
466,K,Y,466Y
467,T,V,467V
468,K,E,468E
468,K,R,468R
468,K,S,468S
469,K,A,469A
469,K,D,469D
469,K,E,469E
469,K,F,469F
469,K,G,469G
469,K,H,469H
469,K,I,469I
469,K,L,469L
469,K,M,469M
469,K,N,469N
469,K,Q,469Q
469,K,R,469R
469,K,S,469S
469,K,T,469T
469,K,V,469V
469,K,W,469W
469,K,Y,469Y
470,Q,A,470A
470,Q,F,470F
470,Q,I,470I
470,Q,K,470K
470,Q,L,470L
470,Q,M,470M
470,Q,N,470N
470,Q,S,470S
470,Q,T,470T
470,Q,V,470V
472,R,E,472E
472,R,G,472G
472,R,H,472H
472,R,S,472S
475,A,D,475D
475,A,I,475I
476,E,F,476F
476,E,T,476T
476,E,V,476V
477,D,C,477C
477,D,G,477G
477,D,I,477I
477,D,N,477N
478,M,I,478I
478,M,L,478L
478,M,Q,478Q
478,M,T,478T
479,G,C,479C
479,G,S,479S
480,N,T,480T
480,N,V,480V
482,C,L,482L
482,C,W,482W
483,F,L,483L
484,K,F,484F
484,K,H,484H
484,K,L,484L
484,K,M,484M
484,K,Q,484Q
484,K,R,484R
484,K,T,484T
484,K,Y,484Y
485,I,L,485L
485,I,N,485N
486,Y,F,486F
486,Y,H,486H
486,Y,K,486K
486,Y,N,486N
486,Y,W,486W
487,H,C,487C
487,H,N,487N
487,H,R,487R
488,K,A,488A
488,K,E,488E
488,K,F,488F
488,K,G,488G
488,K,H,488H
488,K,L,488L
488,K,M,488M
488,K,N,488N
488,K,P,488P
488,K,Q,488Q
488,K,R,488R
488,K,S,488S
488,K,T,488T
488,K,V,488V
488,K,Y,488Y
490,D,P,490P
491,N,D,491D
492,A,D,492D
492,A,E,492E
492,A,F,492F
492,A,G,492G
492,A,H,492H
492,A,I,492I
492,A,K,492K
492,A,L,492L
492,A,M,492M
492,A,N,492N
492,A,Q,492Q
492,A,R,492R
492,A,S,492S
492,A,T,492T
492,A,V,492V
492,A,W,492W
492,A,Y,492Y
493,C,Y,493Y
494,M,I,494I
495,G,A,495A
495,G,C,495C
495,G,D,495D
495,G,E,495E
495,G,F,495F
495,G,H,495H
495,G,I,495I
495,G,K,495K
495,G,L,495L
495,G,M,495M
495,G,N,495N
495,G,Q,495Q
495,G,R,495R
495,G,S,495S
495,G,T,495T
495,G,V,495V
495,G,W,495W
495,G,Y,495Y
496,S,A,496A
496,S,E,496E
496,S,G,496G
496,S,L,496L
496,S,M,496M
496,S,Q,496Q
496,S,R,496R
496,S,T,496T
497,I,W,497W
498,R,C,498C
498,R,I,498I
498,R,L,498L
498,R,M,498M
498,R,Q,498Q
498,R,T,498T
498,R,V,498V
498,R,Y,498Y
499,N,Q,499Q
500,G,D,500D
500,G,E,500E
500,G,F,500F
500,G,N,500N
500,G,P,500P
501,T,V,501V
502,Y,F,502F
502,Y,H,502H
503,D,A,503A
503,D,I,503I
503,D,K,503K
503,D,L,503L
503,D,M,503M
503,D,N,503N
503,D,Q,503Q
503,D,R,503R
503,D,S,503S
503,D,T,503T
503,D,V,503V
503,D,Y,503Y
504,H,A,504A
504,H,E,504E
504,H,I,504I
504,H,P,504P
504,H,S,504S
504,H,T,504T
504,H,V,504V
505,N,A,505A
505,N,D,505D
505,N,E,505E
505,N,F,505F
505,N,G,505G
505,N,H,505H
505,N,I,505I
505,N,K,505K
505,N,L,505L
505,N,M,505M
505,N,Q,505Q
505,N,R,505R
505,N,S,505S
505,N,T,505T
505,N,V,505V
505,N,W,505W
505,N,Y,505Y
506,V,A,506A
506,V,D,506D
506,V,F,506F
506,V,G,506G
506,V,H,506H
506,V,I,506I
506,V,K,506K
506,V,L,506L
506,V,M,506M
506,V,N,506N
506,V,P,506P
506,V,Q,506Q
506,V,R,506R
506,V,S,506S
506,V,T,506T
506,V,W,506W
506,V,Y,506Y
507,Y,F,507F
507,Y,W,507W
508,R,D,508D
508,R,N,508N
509,D,A,509A
509,D,E,509E
509,D,F,509F
509,D,G,509G
509,D,H,509H
509,D,I,509I
509,D,K,509K
509,D,L,509L
509,D,M,509M
509,D,N,509N
509,D,P,509P
509,D,Q,509Q
509,D,R,509R
509,D,S,509S
509,D,T,509T
509,D,V,509V
509,D,Y,509Y
510,E,I,510I
512,L,F,512F
512,L,I,512I
512,L,M,512M
512,L,R,512R
512,L,V,512V
513,N,A,513A
513,N,C,513C
513,N,D,513D
513,N,E,513E
513,N,F,513F
513,N,G,513G
513,N,H,513H
513,N,I,513I
513,N,K,513K
513,N,L,513L
513,N,M,513M
513,N,Q,513Q
513,N,R,513R
513,N,S,513S
513,N,T,513T
513,N,V,513V
513,N,W,513W
513,N,Y,513Y
514,N,H,514H
514,N,K,514K
514,N,R,514R
514,N,T,514T
514,N,V,514V
514,N,Y,514Y
516,F,A,516A
516,F,L,516L
516,F,M,516M
516,F,W,516W
516,F,Y,516Y
517,Q,A,517A
517,Q,D,517D
517,Q,E,517E
517,Q,F,517F
517,Q,G,517G
517,Q,H,517H
517,Q,K,517K
517,Q,L,517L
517,Q,M,517M
517,Q,N,517N
517,Q,P,517P
517,Q,R,517R
517,Q,S,517S
517,Q,T,517T
517,Q,V,517V
517,Q,W,517W
517,Q,Y,517Y
518,I,L,518L
518,I,V,518V
519,K,A,519A
519,K,C,519C
519,K,D,519D
519,K,E,519E
519,K,F,519F
519,K,G,519G
519,K,H,519H
519,K,I,519I
519,K,L,519L
519,K,M,519M
519,K,N,519N
519,K,P,519P
519,K,Q,519Q
519,K,R,519R
519,K,S,519S
519,K,T,519T
519,K,V,519V
519,K,W,519W
519,K,Y,519Y
520,G,A,520A
520,G,C,520C
520,G,E,520E
520,G,F,520F
520,G,H,520H
520,G,I,520I
520,G,K,520K
520,G,L,520L
520,G,M,520M
520,G,N,520N
520,G,P,520P
520,G,Q,520Q
520,G,R,520R
520,G,S,520S
520,G,T,520T
520,G,V,520V
520,G,W,520W
520,G,Y,520Y
