strain	country	date	passage_category	aaSubstitutions
A/Perth/16/2009	Australia	2009-04-07	cell	HA1:I3L,HA1:R33Q,HA1:N45S,HA1:I48T,HA1:G53D,HA1:G62K,HA1:E83K,HA1:R92K,HA1:N94Y,HA1:K121N,HA1:K131T,HA1:G142R,HA1:S144K,HA1:S145N,HA1:S156H,HA1:N159F,HA1:I160K,HA1:Q164L,HA1:K171N,HA1:D186G,HA1:N190D,HA1:S193F,HA1:F195Y,HA1:S198A,HA1:A212T,HA1:I214S,HA1:I223V,HA1:D225N,HA1:K278N,HA1:S312N,HA2:V77I,HA2:E155G,HA2:N160D,HA2:M193I,HA2:I200V,SigPep:N9Y
A/California/VRDL173/2009	Usa	2009-04-28	unpassaged	HA1:I3L,HA1:R33Q,HA1:N45S,HA1:I48T,HA1:G53D,HA1:G62K,HA1:E83K,HA1:R92K,HA1:N94Y,HA1:K121N,HA1:K131T,HA1:G142R,HA1:S144K,HA1:S145N,HA1:S156H,HA1:N159F,HA1:I160K,HA1:Q164L,HA1:K171N,HA1:D186G,HA1:N190D,HA1:S193F,HA1:F195Y,HA1:S198A,HA1:A212T,HA1:I223V,HA1:D225N,HA1:K278N,HA2:V77I,HA2:E155G,HA2:N160D,HA2:M193I,HA2:I200V,SigPep:N9Y
A/Illinois/1/2010	Usa	2010-12-24	cell	HA1:I3L,HA1:R33Q,HA1:N45S,HA1:I48T,HA1:G53N,HA1:G62E,HA1:E83K,HA1:R92K,HA1:N94H,HA1:K121N,HA1:K131T,HA1:G142R,HA1:S144N,HA1:S145N,HA1:S156H,HA1:N159F,HA1:I160K,HA1:Q164L,HA1:K171N,HA1:D186G,HA1:N190D,HA1:S193F,HA1:F195Y,HA1:S198A,HA1:S199A,HA1:I223V,HA1:D225N,HA1:I230V,HA1:K278N,HA1:E280A,HA1:S312N,HA2:V77I,HA2:E155G,HA2:N160D,HA2:M193I,HA2:I200V,SigPep:N9Y
A/California/23/2011	Usa	2011-07-31	cell	HA1:I3L,HA1:R33Q,HA1:G53D,HA1:G62E,HA1:E83K,HA1:R92K,HA1:N94Y,HA1:K121N,HA1:K131T,HA1:G142R,HA1:S144N,HA1:S145N,HA1:S156H,HA1:N159F,HA1:I160K,HA1:Q164L,HA1:K171N,HA1:D186G,HA1:N190D,HA1:S193F,HA1:F195Y,HA1:D225N,HA1:K278N,HA2:V77I,HA2:E155G,HA2:N160D,HA2:M193I,HA2:I200V,SigPep:N9Y
A/California/VRDL391/2009	Usa	2009-04-28	unpassaged	HA1:I3L,HA1:R33Q,HA1:N45S,HA1:I48T,HA1:G53D,HA1:G62E,HA1:E83K,HA1:R92K,HA1:N94Y,HA1:K121N,HA1:K131T,HA1:G142R,HA1:S144N,HA1:S145N,HA1:S156H,HA1:N158K,HA1:N159F,HA1:I160K,HA1:Q164L,HA1:K171N,HA1:D186G,HA1:K189N,HA1:N190D,HA1:S193F,HA1:F195Y,HA1:S198A,HA1:A212T,HA1:I223V,HA1:D225N,HA1:K278N,HA1:S312N,HA2:V77I,HA2:E155G,HA2:N160D,HA2:M193I,HA2:I200V,SigPep:N9Y
A/Maryland/17/2011	Usa	2011-07-16	cell	HA1:I3L,HA1:R33Q,HA1:N45S,HA1:I48T,HA1:G53N,HA1:G62E,HA1:E83K,HA1:R92K,HA1:N94H,HA1:K121N,HA1:K131T,HA1:G142R,HA1:S144N,HA1:S145N,HA1:S156H,HA1:N159F,HA1:I160K,HA1:Q164L,HA1:K171N,HA1:D186G,HA1:N190D,HA1:S193F,HA1:F195Y,HA1:S198A,HA1:S199A,HA1:I223V,HA1:I230V,HA1:K278N,HA1:E280A,HA1:S312N,HA2:V77I,HA2:E155G,HA2:N160D,HA2:M193I,HA2:I200V,SigPep:N9Y,SigPep:A16S
A/NewYork/3305/2009	Usa	2009-05-05	undetermined	HA1:I3L,HA1:R33Q,HA1:N45S,HA1:I48T,HA1:G53D,HA1:G62K,HA1:E83K,HA1:R92K,HA1:N94Y,HA1:K121N,HA1:K131T,HA1:G142R,HA1:S144K,HA1:S145N,HA1:S156H,HA1:N159F,HA1:I160K,HA1:Q164L,HA1:K171N,HA1:D186G,HA1:N190D,HA1:S193F,HA1:F195Y,HA1:S198A,HA1:A212T,HA1:V213A,HA1:I223V,HA1:D225N,HA1:K278N,HA1:S312N,HA2:V77I,HA2:E155G,HA2:N160D,HA2:M193I,HA2:I200V,SigPep:N9Y,SigPep:A16T
A/Mississippi/9/2011	Usa	2011-11-23	cell	HA1:I3L,HA1:R33Q,HA1:N45S,HA1:I48T,HA1:G53D,HA1:G62E,HA1:E83K,HA1:R92K,HA1:N94Y,HA1:K121N,HA1:K131T,HA1:G142R,HA1:S144N,HA1:S156H,HA1:N159F,HA1:I160K,HA1:Q164L,HA1:K171N,HA1:D186G,HA1:N190D,HA1:S193F,HA1:F195Y,HA1:D225N,HA1:K278N,HA2:V77I,HA2:E155G,HA2:D158N,HA2:N160D,HA2:M193I,HA2:I200V,SigPep:N9Y
A/RhodeIsland/1/2010	Usa	2010-01-26	unpassaged	HA1:I3L,HA1:R33Q,HA1:N45S,HA1:I48A,HA1:G53D,HA1:G62E,HA1:E83K,HA1:N94Y,HA1:K121N,HA1:K131T,HA1:G142R,HA1:S144N,HA1:S145N,HA1:S156H,HA1:N159F,HA1:I160K,HA1:Q164L,HA1:K171N,HA1:D186G,HA1:N190D,HA1:S193F,HA1:F195Y,HA1:S198A,HA1:I223V,HA1:D225N,HA1:K278N,HA2:V77I,HA2:E155G,HA2:N160D,HA2:M193I,HA2:I200V,SigPep:N9Y
A/Pennsylvania/37/2010	Usa	2010-11-03	unpassaged	HA1:I3L,HA1:R33Q,HA1:N45S,HA1:I48A,HA1:G53D,HA1:G62E,HA1:E83K,HA1:N94Y,HA1:K121N,HA1:K131T,HA1:G142R,HA1:S144N,HA1:S145N,HA1:S156H,HA1:N159F,HA1:I160K,HA1:Q164L,HA1:K171N,HA1:D186G,HA1:N190D,HA1:S193F,HA1:F195Y,HA1:S198A,HA1:I223V,HA1:D225N,HA1:K278N,HA2:V18M,HA2:V77I,HA2:E155G,HA2:N160D,HA2:M193I,HA2:I200V,SigPep:N9Y
A/Ohio/1/2011	Usa	2011-01-17	cell	HA1:I3L,HA1:R33Q,HA1:N45S,HA1:I48T,HA1:G53N,HA1:G62E,HA1:E83K,HA1:R92K,HA1:N94H,HA1:K121N,HA1:K131T,HA1:G142R,HA1:S144N,HA1:S145N,HA1:S156H,HA1:N159F,HA1:I160K,HA1:Q164L,HA1:K171N,HA1:D186G,HA1:N190D,HA1:S193F,HA1:F195Y,HA1:S198A,HA1:S199A,HA1:I223V,HA1:D225N,HA1:I230V,HA1:K278N,HA1:E280A,HA1:S312N,HA2:V77I,HA2:E155G,HA2:N160D,HA2:M193I,HA2:I200V,SigPep:N9Y
A/Colorado/1/2011	Usa	2011-01-02	cell	HA1:I3L,HA1:R33Q,HA1:N45S,HA1:I48T,HA1:G53N,HA1:G62E,HA1:E83K,HA1:R92K,HA1:N94H,HA1:K121N,HA1:K131T,HA1:G142R,HA1:S144N,HA1:S145N,HA1:S156H,HA1:N159F,HA1:I160K,HA1:Q164L,HA1:K171N,HA1:D186G,HA1:N190D,HA1:S193F,HA1:F195Y,HA1:S198A,HA1:S199A,HA1:I223V,HA1:D225N,HA1:I230V,HA1:K278N,HA1:E280A,HA1:S312N,HA2:V77I,HA2:E155G,HA2:N160D,HA2:I186V,HA2:M193I,HA2:I200V,SigPep:N9Y
A/Minnesota/20/2011	Usa	2011-11-02	cell	HA1:I3L,HA1:N31S,HA1:R33Q,HA1:N45S,HA1:I48T,HA1:G53D,HA1:G62E,HA1:E83K,HA1:R92K,HA1:N94Y,HA1:K121N,HA1:K131T,HA1:G142R,HA1:S144N,HA1:S156H,HA1:N159F,HA1:I160K,HA1:Q164L,HA1:K171N,HA1:D186G,HA1:N190D,HA1:S193F,HA1:F195Y,HA1:K278N,HA2:V77I,HA2:E155G,HA2:D158N,HA2:N160D,HA2:M193I,HA2:I200V,SigPep:N9Y
A/NewYork/20342/2010	Usa	2010-06-16	unpassaged	HA1:I3L,HA1:R33Q,HA1:N45S,HA1:I48T,HA1:G53D,HA1:G62E,HA1:E83K,HA1:R92K,HA1:N94Y,HA1:K121N,HA1:K131T,HA1:G142R,HA1:S144N,HA1:S145N,HA1:S156H,HA1:N159F,HA1:I160K,HA1:Q164L,HA1:K171N,HA1:D186G,HA1:N190D,HA1:S193F,HA1:F195Y,HA1:S198A,HA1:I223V,HA1:D225N,HA1:S262N,HA1:K278N,HA1:S312N,HA2:V77I,HA2:E155G,HA2:N160D,HA2:M193I,HA2:I200V,SigPep:N9Y
A/California/VRDL343/2009	Usa	2009-05-11	unpassaged	HA1:I3L,HA1:R33Q,HA1:N45S,HA1:I48T,HA1:G53D,HA1:G62K,HA1:E83K,HA1:R92K,HA1:N94Y,HA1:K121N,HA1:K131T,HA1:G142R,HA1:S144K,HA1:S145N,HA1:S156H,HA1:N159F,HA1:I160K,HA1:Q164L,HA1:K171N,HA1:D186G,HA1:N190D,HA1:S193F,HA1:F195Y,HA1:S198A,HA1:A212T,HA1:V213A,HA1:I223V,HA1:D225N,HA1:K278N,HA1:S312N,HA2:V77I,HA2:E155G,HA2:N160D,HA2:M193I,HA2:I200V,SigPep:N9Y
A/Hawaii/16/2009	Usa	2009-04-20	cell	HA1:I3L,HA1:R33Q,HA1:N45S,HA1:I48T,HA1:G53D,HA1:G62E,HA1:E83K,HA1:R92K,HA1:N94Y,HA1:K121N,HA1:K131T,HA1:G142R,HA1:S144N,HA1:S145N,HA1:S156H,HA1:N158K,HA1:N159F,HA1:I160K,HA1:Q164L,HA1:K171N,HA1:D186G,HA1:K189N,HA1:N190D,HA1:S193F,HA1:F195Y,HA1:S198A,HA1:A212T,HA1:I223V,HA1:D225N,HA1:K278N,HA1:S312N,HA2:V77I,HA2:E155G,HA2:N160D,HA2:M193I,HA2:I200V,SigPep:N9Y
A/California/VRDL207/2009	Usa	2009-04-27	unpassaged	HA1:I3L,HA1:R33Q,HA1:N45S,HA1:I48T,HA1:G53D,HA1:S54G,HA1:G62E,HA1:E83K,HA1:R92K,HA1:N94Y,HA1:K121N,HA1:K131T,HA1:G142R,HA1:S144N,HA1:S145N,HA1:S156H,HA1:N158K,HA1:N159F,HA1:I160K,HA1:Q164L,HA1:K171N,HA1:D186G,HA1:K189N,HA1:N190D,HA1:S193F,HA1:F195Y,HA1:S198A,HA1:A212T,HA1:I223V,HA1:D225N,HA1:K278N,HA1:S312N,HA2:V77I,HA2:E155G,HA2:N160D,HA2:M193I,HA2:I200V,SigPep:N9Y,SigPep:F15S
A/Arizona/AF2689/2010	Usa	2010-12-06	cell	HA1:I3L,HA1:R33Q,HA1:I48T,HA1:G53N,HA1:G62E,HA1:E83K,HA1:R92K,HA1:N94H,HA1:K121N,HA1:K131T,HA1:G142R,HA1:S144N,HA1:S145N,HA1:S156H,HA1:N159F,HA1:I160K,HA1:Q164L,HA1:K171N,HA1:D186G,HA1:N190D,HA1:S193F,HA1:F195Y,HA1:S198A,HA1:S199A,HA1:I223V,HA1:D225N,HA1:I230V,HA1:K278N,HA1:E280A,HA1:S312N,SigPep:N9Y
A/SouthCarolina/4/2010	Usa	2010-11-12	cell	HA1:I3L,HA1:R33Q,HA1:N45S,HA1:I48A,HA1:G53D,HA1:Q57H,HA1:G62E,HA1:E83K,HA1:N94Y,HA1:K121N,HA1:K131T,HA1:G142R,HA1:S144N,HA1:S145N,HA1:S156H,HA1:N159F,HA1:I160K,HA1:Q164L,HA1:K171N,HA1:D186G,HA1:N190D,HA1:S193F,HA1:F195Y,HA1:S198A,HA1:I223V,HA1:K278N,HA2:V18M,HA2:V77I,HA2:E155G,HA2:N160D,HA2:M193I,HA2:I200V,SigPep:N9Y
A/Wyoming/3/2010	Usa	2010-08-03	cell	HA1:I3L,HA1:R33Q,HA1:N45S,HA1:I48A,HA1:G53D,HA1:G62E,HA1:E83K,HA1:N94Y,HA1:K121N,HA1:K131T,HA1:G142R,HA1:S144N,HA1:S145N,HA1:S156H,HA1:N159F,HA1:I160K,HA1:Q164L,HA1:K171N,HA1:D186G,HA1:N190D,HA1:S193F,HA1:F195Y,HA1:S198A,HA1:I223V,HA1:D225N,HA1:K278N,HA2:V77I,HA2:E155G,HA2:N160D,HA2:M193I,HA2:I200V,SigPep:N9Y
A/Washington/18/2011	Usa	2011-12-13	cell	HA1:I3L,HA1:R33Q,HA1:N45S,HA1:I48T,HA1:G53D,HA1:G62E,HA1:E83K,HA1:R92K,HA1:N94Y,HA1:K121N,HA1:K131T,HA1:G142R,HA1:S144N,HA1:S156H,HA1:N159F,HA1:I160K,HA1:Q164L,HA1:K171N,HA1:D186G,HA1:N190D,HA1:S193F,HA1:F195Y,HA1:D225N,HA1:K278N,HA2:V77I,HA2:E155G,HA2:D158N,HA2:N160D,HA2:M193I,HA2:I200V,SigPep:N9Y
A/Utah/6/2010	Usa	2010-10-14	cell	HA1:I3L,HA1:R33Q,HA1:N45S,HA1:I48T,HA1:G53N,HA1:G62E,HA1:E83K,HA1:R92K,HA1:N94H,HA1:K121N,HA1:K131T,HA1:G142R,HA1:S144N,HA1:S145N,HA1:S156H,HA1:N159F,HA1:I160K,HA1:Q164L,HA1:K171N,HA1:D186G,HA1:N190D,HA1:S193F,HA1:F195Y,HA1:S198A,HA1:I223V,HA1:D225N,HA1:I230V,HA1:K278N,HA1:E280A,HA1:S312N,HA2:V77I,HA2:E155G,HA2:N160D,HA2:M193I,HA2:I200V,SigPep:N9Y
A/Washington/10/2011	Usa	2011-03-08	cell	HA1:I3L,HA1:R33Q,HA1:N45S,HA1:I48T,HA1:G53N,HA1:G62E,HA1:E83K,HA1:R92K,HA1:N94H,HA1:K121N,HA1:K131T,HA1:G142R,HA1:S144N,HA1:S145N,HA1:S156H,HA1:N159F,HA1:I160K,HA1:Q164L,HA1:K171N,HA1:D186G,HA1:N190D,HA1:S193F,HA1:F195Y,HA1:S198A,HA1:I223V,HA1:D225N,HA1:I230V,HA1:K278N,HA1:E280A,HA1:S312N,HA2:V77I,HA2:E155G,HA2:N160D,HA2:M193I,HA2:I200V,SigPep:N9Y,SigPep:F15S
A/Kansas/9/2010	Usa	2010-10-21	cell	HA1:I3L,HA1:R33Q,HA1:N45S,HA1:I48T,HA1:G53N,HA1:G62E,HA1:E83K,HA1:R92K,HA1:N94H,HA1:K121N,HA1:T128N,HA1:K131T,HA1:G142R,HA1:S144N,HA1:S145N,HA1:S156H,HA1:N159F,HA1:I160K,HA1:Q164L,HA1:K171N,HA1:D186G,HA1:N190D,HA1:S193F,HA1:F195Y,HA1:S198A,HA1:S199A,HA1:I223V,HA1:D225N,HA1:I230V,HA1:K278N,HA1:E280A,HA1:S312N,HA2:R76I,HA2:V77I,HA2:E155G,HA2:N160D,HA2:M193I,HA2:I200V,SigPep:N9Y
A/Iowa/5/2011	Usa	2011-04-01	cell	HA1:I3L,HA1:R33Q,HA1:N45S,HA1:I48T,HA1:G53N,HA1:G62E,HA1:E83K,HA1:R92K,HA1:N94H,HA1:K121N,HA1:K131T,HA1:G142R,HA1:S144N,HA1:S145N,HA1:S156H,HA1:N159F,HA1:I160K,HA1:Q164L,HA1:K171N,HA1:D186G,HA1:N190D,HA1:S193F,HA1:F195Y,HA1:S198A,HA1:I223V,HA1:D225N,HA1:I230V,HA1:K278N,HA1:E280A,HA1:S312N,HA2:V77I,HA2:E155G,HA2:N160D,HA2:M193I,HA2:I200V,SigPep:N9Y
A/Maryland/16/2009	Usa	2009-05-06	cell	HA1:I3L,HA1:R33Q,HA1:N45S,HA1:I48T,HA1:G53D,HA1:G62E,HA1:E83K,HA1:R92K,HA1:N94Y,HA1:K121N,HA1:K131T,HA1:G142R,HA1:S144N,HA1:S145N,HA1:S156H,HA1:N159F,HA1:I160K,HA1:Q164L,HA1:K171N,HA1:D186G,HA1:N190D,HA1:S193F,HA1:F195Y,HA1:S198A,HA1:I223V,HA1:K278N,HA1:S312N,HA2:V77I,HA2:E155G,HA2:N160D,HA2:M193I,HA2:I200V,SigPep:N9Y
A/California/VRDL203/2009	Usa	2009-04-28	unpassaged	HA1:I3L,HA1:R33Q,HA1:N45S,HA1:I48T,HA1:G53D,HA1:G62E,HA1:E83K,HA1:R92K,HA1:N94Y,HA1:K121N,HA1:K131T,HA1:G142R,HA1:S144N,HA1:S145N,HA1:S156H,HA1:N158K,HA1:N159F,HA1:I160K,HA1:Q164L,HA1:K171N,HA1:D186G,HA1:K189N,HA1:N190D,HA1:S193F,HA1:F195Y,HA1:S198A,HA1:A212T,HA1:I223V,HA1:D225N,HA1:K278N,HA1:S312N,HA2:V77I,HA2:E155G,HA2:N160D,HA2:M193I,HA2:I200V,SigPep:N9Y
A/Nebraska/11/2011	Usa	2011-04-04	cell	HA1:I3L,HA1:R33Q,HA1:N45S,HA1:I48T,HA1:G53N,HA1:G62E,HA1:E83K,HA1:R92K,HA1:N94H,HA1:K121N,HA1:K131T,HA1:G142K,HA1:S144N,HA1:S145N,HA1:S156H,HA1:N159F,HA1:I160K,HA1:Q164L,HA1:K171N,HA1:D186G,HA1:N190D,HA1:S193F,HA1:F195Y,HA1:S198A,HA1:S199A,HA1:I223V,HA1:D225N,HA1:I230V,HA1:K278N,HA1:E280A,HA1:S312N,HA2:V77I,HA2:E155G,HA2:N160D,HA2:M193I,HA2:I200V,SigPep:N9Y
A/NorthCarolina/10/2011	Usa	2011-12-01	cell	HA1:I3L,HA1:R33Q,HA1:G53D,HA1:G62E,HA1:E83K,HA1:R92K,HA1:N94Y,HA1:K121N,HA1:K131T,HA1:G142R,HA1:S144N,HA1:S156H,HA1:N159F,HA1:I160K,HA1:Q164L,HA1:K171N,HA1:D186G,HA1:N190D,HA1:S193F,HA1:F195Y,HA1:D225N,HA1:K278N,HA2:V77I,HA2:E155G,HA2:N160D,HA2:M193I,HA2:I200V,SigPep:N9Y
A/Colorado/1/2009	Usa	2009-01-01	cell	HA1:I3L,HA1:R33Q,HA1:N45S,HA1:I48T,HA1:G53D,HA1:G62E,HA1:E83K,HA1:R92K,HA1:N94Y,HA1:K121N,HA1:K131T,HA1:G142R,HA1:S144N,HA1:S145N,HA1:S156H,HA1:N158K,HA1:N159F,HA1:I160K,HA1:Q164L,HA1:K171N,HA1:D186G,HA1:K189N,HA1:N190D,HA1:S193F,HA1:F195Y,HA1:S198A,HA1:A212T,HA1:I223V,HA1:D225N,HA1:I242M,HA1:K278N,HA1:S312N,HA2:V77I,HA2:E155G,HA2:N160D,HA2:M193I,HA2:I200V,SigPep:N9Y
A/California/VRDL335/2009	Usa	2009-05-03	unpassaged	HA1:I3L,HA1:R33Q,HA1:N45S,HA1:I48T,HA1:G53D,HA1:G62E,HA1:E83K,HA1:R92K,HA1:N94Y,HA1:K121N,HA1:K131T,HA1:G142R,HA1:S144N,HA1:S145N,HA1:S156H,HA1:N158R,HA1:N159F,HA1:I160K,HA1:Q164L,HA1:K171N,HA1:D186G,HA1:K189N,HA1:N190D,HA1:S193F,HA1:F195Y,HA1:S198A,HA1:A212T,HA1:I223V,HA1:D225N,HA1:K278N,HA1:S312N,HA2:V77I,HA2:E155G,HA2:N160D,HA2:M193I,HA2:I200V,SigPep:N9Y
A/California/19/2010	Usa	2010-10-05	cell	HA1:I3L,HA1:G5E,HA1:R33Q,HA1:N45S,HA1:I48T,HA1:G53N,HA1:G62E,HA1:E83K,HA1:R92K,HA1:N94H,HA1:K121N,HA1:K131T,HA1:G142R,HA1:S144N,HA1:S145N,HA1:S156H,HA1:N159F,HA1:I160K,HA1:Q164L,HA1:K171N,HA1:D186G,HA1:N190D,HA1:I192T,HA1:S193F,HA1:F195Y,HA1:S198A,HA1:I223V,HA1:D225N,HA1:I230V,HA1:K278N,HA1:E280T,HA1:S312N,HA2:V77I,HA2:E155G,HA2:N160D,HA2:M193I,HA2:I200V,SigPep:N9Y
A/Tennessee/F2034/2011	Usa	2011-02-07	undetermined	HA1:I3L,HA1:R33Q,HA1:N45S,HA1:I48T,HA1:G53N,HA1:G62E,HA1:E83K,HA1:R92K,HA1:N94H,HA1:K121N,HA1:K131T,HA1:G142R,HA1:S144N,HA1:S145N,HA1:S156H,HA1:N159F,HA1:I160K,HA1:Q164L,HA1:K171N,HA1:D186G,HA1:N190D,HA1:S193F,HA1:F195Y,HA1:S198A,HA1:S199A,HA1:I223V,HA1:D225N,HA1:I230V,HA1:K278N,HA1:E280A,HA1:S312N,HA2:V77I,HA2:E155G,HA2:N160D,HA2:M193I,HA2:I200V,SigPep:N9Y
A/Boston/DOA13/2011	Usa	2011-01-19	unpassaged	HA1:I3L,HA1:R33Q,HA1:N45S,HA1:I48A,HA1:G53D,HA1:Q57H,HA1:G62E,HA1:E83K,HA1:N94Y,HA1:K121N,HA1:K131T,HA1:G142R,HA1:S144N,HA1:S145N,HA1:S156H,HA1:N159F,HA1:I160K,HA1:Q164L,HA1:K171N,HA1:D186G,HA1:N190D,HA1:S193F,HA1:F195Y,HA1:S198A,HA1:I223V,HA1:D225N,HA1:K278N,HA2:V18M,HA2:V77I,HA2:E155G,HA2:N160D,HA2:M193I,HA2:I200V,SigPep:N9Y
A/Boston/DOA27/2011	Usa	2011-02-21	unpassaged	HA1:I3L,HA1:R33Q,HA1:N45S,HA1:I48T,HA1:G53N,HA1:G62E,HA1:E83K,HA1:R92K,HA1:N94H,HA1:K121N,HA1:K131T,HA1:G142R,HA1:S144N,HA1:S145N,HA1:S156H,HA1:N159F,HA1:I160K,HA1:Q164L,HA1:K171N,HA1:D186G,HA1:N190D,HA1:S193F,HA1:F195Y,HA1:S198A,HA1:I223V,HA1:D225N,HA1:I230V,HA1:K278N,HA1:E280A,HA1:S312N,HA2:V77I,HA2:E85G,HA2:E155G,HA2:N160D,HA2:M193I,HA2:I200V,SigPep:N9Y
A/Florida/WRAIR1241P/2009	Usa	2009-05-01	cell	HA1:I3L,HA1:R33Q,HA1:N45S,HA1:I48T,HA1:G53D,HA1:G62K,HA1:E83K,HA1:R92K,HA1:N94Y,HA1:K121N,HA1:K131T,HA1:G142R,HA1:S144K,HA1:S145N,HA1:S156H,HA1:N159F,HA1:I160K,HA1:Q164L,HA1:K171N,HA1:D186G,HA1:N190D,HA1:S193F,HA1:F195Y,HA1:S198A,HA1:A212T,HA1:I223V,HA1:K278N,HA1:S312N,HA2:V77I,HA2:D109H,HA2:E155G,HA2:N160D,HA2:M193I,HA2:I200V,HA2:A209V,SigPep:N9Y
A/NewYork/14/2011	Usa	2011-10-02	cell	HA1:I3L,HA1:R33Q,HA1:N45S,HA1:I48T,HA1:G53N,HA1:G62E,HA1:E83K,HA1:R92K,HA1:N94H,HA1:K121N,HA1:K131T,HA1:G142R,HA1:S144N,HA1:S145N,HA1:S156H,HA1:N159F,HA1:I160K,HA1:Q164L,HA1:K171N,HA1:D186G,HA1:N190D,HA1:S193F,HA1:F195Y,HA1:S198A,HA1:S199A,HA1:I223V,HA1:D225N,HA1:I230V,HA1:S262N,HA1:K278N,HA1:E280A,HA1:S312N,HA2:V77I,HA2:E155G,HA2:N160D,HA2:M193I,HA2:I200V,SigPep:N9Y
A/Utah/9/2011	Usa	2011-02-12	cell	HA1:I3L,HA1:R33Q,HA1:N45S,HA1:I48T,HA1:G53N,HA1:G62E,HA1:E83K,HA1:R92K,HA1:N94H,HA1:K121N,HA1:K131T,HA1:G142R,HA1:S144N,HA1:S145N,HA1:S156H,HA1:N159F,HA1:I160K,HA1:Q164L,HA1:K171N,HA1:D186G,HA1:N190D,HA1:S193F,HA1:F195Y,HA1:S198A,HA1:S199A,HA1:I223V,HA1:D225N,HA1:I230V,HA1:K278N,HA1:E280A,HA1:S312N,HA2:V77I,HA2:E155G,HA2:N160D,HA2:M193I,HA2:I200V,SigPep:N9Y
A/California/VRDL182/2009	Usa	2009-04-28	unpassaged	HA1:I3L,HA1:R33Q,HA1:N45I,HA1:I48T,HA1:G53D,HA1:G62E,HA1:E83K,HA1:R92K,HA1:N94Y,HA1:K121N,HA1:K131T,HA1:G142R,HA1:S144N,HA1:S145N,HA1:S156H,HA1:N158K,HA1:N159F,HA1:I160K,HA1:Q164L,HA1:K171N,HA1:D186G,HA1:K189N,HA1:N190D,HA1:S193F,HA1:F195Y,HA1:S198A,HA1:A212T,HA1:I223V,HA1:D225N,HA1:K278N,HA1:S312N,HA2:G57E,HA2:V77I,HA2:E155G,HA2:N160D,HA2:M193I,HA2:I200V,SigPep:N9Y
A/Vermont/8/2011	Usa	2011-02-07	cell	HA1:I3L,HA1:R33Q,HA1:N45S,HA1:I48A,HA1:G53D,HA1:Q57H,HA1:G62E,HA1:E83K,HA1:N94Y,HA1:K121N,HA1:K131T,HA1:G142R,HA1:S144N,HA1:S145N,HA1:S156H,HA1:N159F,HA1:I160K,HA1:Q164L,HA1:K171N,HA1:D186G,HA1:N190D,HA1:S193F,HA1:F195Y,HA1:S198A,HA1:I223V,HA1:D225N,HA1:K278N,HA2:V18M,HA2:V77I,HA2:E155G,HA2:N160D,HA2:M193I,HA2:I200V,SigPep:N9Y
A/Arizona/WRAIR1562P/2009	Usa	2009-03-01	cell	HA1:I3L,HA1:R33Q,HA1:N45S,HA1:I48T,HA1:G53D,HA1:G62E,HA1:E83K,HA1:R92K,HA1:N94Y,HA1:K121N,HA1:K131T,HA1:G142R,HA1:S144N,HA1:S145N,HA1:S156H,HA1:N158K,HA1:N159F,HA1:I160K,HA1:Q164L,HA1:K171N,HA1:D186G,HA1:K189N,HA1:N190D,HA1:S193F,HA1:F195Y,HA1:S198A,HA1:A212T,HA1:I223V,HA1:D225N,HA1:K278N,HA1:S312N,HA2:V77I,HA2:E155G,HA2:N160D,HA2:M193I,HA2:I200V,SigPep:N9Y
A/Colorado/7/2011	Usa	2011-10-23	cell	HA1:I3L,HA1:R33Q,HA1:N45S,HA1:I48T,HA1:G53N,HA1:G62E,HA1:E83K,HA1:R92K,HA1:N94H,HA1:K121N,HA1:K131T,HA1:G142R,HA1:S144N,HA1:S145N,HA1:S156H,HA1:N159F,HA1:I160K,HA1:Q164L,HA1:K171N,HA1:D186G,HA1:N190D,HA1:S193F,HA1:F195Y,HA1:S198A,HA1:S199A,HA1:I223V,HA1:D225N,HA1:I230V,HA1:K278N,HA1:E280A,HA1:S312N,HA2:D46N,HA2:V77I,HA2:E155G,HA2:N160D,HA2:M193I,HA2:I200V,SigPep:N9Y
A/NewYork/11/2011	Usa	2011-03-03	unpassaged	HA1:I3L,HA1:R33Q,HA1:N45S,HA1:I48A,HA1:G53D,HA1:Q57H,HA1:G62E,HA1:E83K,HA1:N94Y,HA1:K121N,HA1:K131T,HA1:G142R,HA1:S144N,HA1:S145N,HA1:S156H,HA1:N159F,HA1:I160K,HA1:Q164L,HA1:K171N,HA1:D186G,HA1:N190D,HA1:S193F,HA1:F195Y,HA1:S198A,HA1:I223V,HA1:D225N,HA1:K278N,HA2:V18M,HA2:V77I,HA2:E155G,HA2:N160D,HA2:N168S,HA2:M193I,HA2:I200V,SigPep:N9Y
A/Boston/DOA45/2011	Usa	2011-02-15	unpassaged	HA1:I3L,HA1:R33Q,HA1:N45S,HA1:I48A,HA1:G53D,HA1:Q57H,HA1:G62E,HA1:E83K,HA1:N94Y,HA1:K121N,HA1:K131T,HA1:G142R,HA1:S144N,HA1:S145N,HA1:S156H,HA1:N159F,HA1:I160K,HA1:Q164L,HA1:K171N,HA1:D186G,HA1:N190D,HA1:S193F,HA1:F195Y,HA1:S198A,HA1:I223V,HA1:D225N,HA1:K278N,HA2:V18M,HA2:V77I,HA2:E155G,HA2:N160D,HA2:M193I,HA2:I200V,SigPep:N9Y
A/Louisiana/4/2010	Usa	2010-10-07	cell	HA1:I3L,HA1:R33Q,HA1:N45S,HA1:I48T,HA1:G53N,HA1:G62E,HA1:E83K,HA1:R92K,HA1:N94H,HA1:K121N,HA1:K131T,HA1:G142R,HA1:S144N,HA1:S145N,HA1:S156H,HA1:N159F,HA1:I160K,HA1:Q164L,HA1:K171N,HA1:D186G,HA1:N190D,HA1:S193F,HA1:F195Y,HA1:S198A,HA1:I223V,HA1:D225N,HA1:I230V,HA1:K278N,HA1:E280A,HA1:S312N,HA2:V77I,HA2:L80I,HA2:E155G,HA2:N160D,HA2:I200V,HA2:R216K,SigPep:N9Y,SigPep:A16T
A/Washington/AF2789/2011	Usa	2011-11-21	cell	HA1:I3L,HA1:R33Q,HA1:N45S,HA1:I48T,HA1:G53D,HA1:G62E,HA1:E83K,HA1:R92K,HA1:N94Y,HA1:K121N,HA1:K131T,HA1:G142R,HA1:S144N,HA1:S156H,HA1:N159F,HA1:I160K,HA1:Q164L,HA1:K171N,HA1:D186G,HA1:N190D,HA1:S193F,HA1:F195Y,HA1:D225N,HA1:K278N,SigPep:N9Y
A/Pennsylvania/12/2011	Usa	2011-08-11	unpassaged	HA1:I3L,HA1:R33Q,HA1:N45S,HA1:I48T,HA1:G53N,HA1:G62E,HA1:E83K,HA1:R92K,HA1:N94H,HA1:K121N,HA1:K131T,HA1:G142R,HA1:S144N,HA1:S145N,HA1:S156H,HA1:N159F,HA1:I160K,HA1:Q164L,HA1:K171N,HA1:D186G,HA1:N190D,HA1:S193F,HA1:F195Y,HA1:S198A,HA1:S199A,HA1:I223V,HA1:D225N,HA1:I230V,HA1:K278N,HA1:E280A,HA1:S312N,HA2:V77I,HA2:E155G,HA2:N160D,HA2:M193I,HA2:I200V,SigPep:N9Y
A/Boston/DOA48/2011	Usa	2011-02-16	unpassaged	HA1:I3L,HA1:R33Q,HA1:I48A,HA1:G53D,HA1:Q57H,HA1:G62E,HA1:E83K,HA1:N94Y,HA1:K121N,HA1:K131T,HA1:G142R,HA1:S144N,HA1:S145N,HA1:S156H,HA1:N159F,HA1:I160K,HA1:Q164L,HA1:K171N,HA1:D186G,HA1:N190D,HA1:S193F,HA1:F195Y,HA1:S198A,HA1:I223V,HA1:D225N,HA1:K278N,HA2:V18M,HA2:V77I,HA2:E155G,HA2:N160D,HA2:M193I,HA2:I200V,SigPep:N9Y
A/Hawaii/21/2010	Usa	2010-12-01	cell	HA1:I3L,HA1:R33Q,HA1:N45S,HA1:I48T,HA1:G53N,HA1:G62E,HA1:E83K,HA1:R92K,HA1:N94H,HA1:K121N,HA1:K131T,HA1:G142R,HA1:S144N,HA1:S145N,HA1:S156H,HA1:N159F,HA1:I160K,HA1:Q164L,HA1:K171N,HA1:D186G,HA1:N190D,HA1:S193F,HA1:F195Y,HA1:S198A,HA1:I223V,HA1:D225N,HA1:I230V,HA1:K278N,HA1:E280A,HA1:S312N,HA2:V77I,HA2:E155G,HA2:N160D,HA2:M193I,HA2:I200V,SigPep:N9Y
A/Virginia/6/2011	Usa	2011-03-02	cell	HA1:I3L,HA1:R33Q,HA1:N45S,HA1:I48T,HA1:G53N,HA1:G62E,HA1:E83K,HA1:R92K,HA1:N94H,HA1:K121N,HA1:K131T,HA1:G142R,HA1:S144N,HA1:S145N,HA1:S156H,HA1:N159F,HA1:I160K,HA1:Q164L,HA1:K171N,HA1:D186G,HA1:N190D,HA1:I192T,HA1:S193F,HA1:F195Y,HA1:S198A,HA1:I223V,HA1:D225N,HA1:I230V,HA1:T248I,HA1:K278N,HA1:E280A,HA1:S312N,HA2:V77I,HA2:E155G,HA2:N160D,HA2:M193I,HA2:I200V,SigPep:N9Y
A/RhodeIsland/3/2011	Usa	2011-01-25	cell	HA1:I3L,HA1:R33Q,HA1:N45S,HA1:I48A,HA1:G53D,HA1:Q57H,HA1:G62E,HA1:E83K,HA1:N94Y,HA1:K121N,HA1:K131T,HA1:G142R,HA1:S144N,HA1:S145N,HA1:S156H,HA1:N159F,HA1:I160K,HA1:Q164L,HA1:K171N,HA1:D186G,HA1:N190D,HA1:S193F,HA1:F195Y,HA1:S198A,HA1:I223V,HA1:D225N,HA1:K278N,HA2:V18M,HA2:V77I,HA2:E155G,HA2:N160D,HA2:N168S,HA2:M193I,HA2:I200V,SigPep:N9Y
A/California/VRDL345/2009	Usa	2009-05-26	unpassaged	HA1:I3L,HA1:R33Q,HA1:N45S,HA1:I48T,HA1:G53D,HA1:G62K,HA1:E83K,HA1:R92K,HA1:N94Y,HA1:K121N,HA1:K131T,HA1:G142R,HA1:S144K,HA1:S145N,HA1:S156H,HA1:N159F,HA1:I160K,HA1:Q164L,HA1:K171N,HA1:D186G,HA1:N190D,HA1:S193F,HA1:F195Y,HA1:S198A,HA1:A212T,HA1:D225N,HA1:K278N,HA1:S312N,HA2:V77I,HA2:E155G,HA2:N160D,HA2:M193I,HA2:I200V,SigPep:N9Y
A/Wisconsin/9/2011	Usa	2011-02-08	cell	HA1:I3L,HA1:R33Q,HA1:N45S,HA1:I48T,HA1:G53N,HA1:G62E,HA1:E83K,HA1:R92K,HA1:N94H,HA1:K121N,HA1:K131T,HA1:G142R,HA1:S144N,HA1:S145N,HA1:S156H,HA1:L157S,HA1:N159F,HA1:I160K,HA1:Q164L,HA1:K171N,HA1:D186G,HA1:N190D,HA1:S193F,HA1:F195Y,HA1:S198A,HA1:S199A,HA1:I223V,HA1:D225N,HA1:I230V,HA1:K278N,HA1:E280A,HA1:S312N,HA2:V77I,HA2:E155G,HA2:N160D,HA2:M193I,HA2:I200V,SigPep:N9Y
A/Boston/DOA66/2011	Usa	2011-02-26	unpassaged	HA1:I3L,HA1:R33Q,HA1:N45S,HA1:I48A,HA1:G53D,HA1:Q57H,HA1:G62E,HA1:E83K,HA1:N94Y,HA1:K121N,HA1:K131T,HA1:G142R,HA1:S144N,HA1:S145N,HA1:S156H,HA1:N159F,HA1:I160K,HA1:Q164L,HA1:K171N,HA1:D186G,HA1:N190D,HA1:S193F,HA1:F195Y,HA1:S198A,HA1:I223V,HA1:D225N,HA1:K278N,HA2:V18M,HA2:V77I,HA2:E155G,HA2:N160D,HA2:M193I,HA2:I200V,SigPep:N9Y
A/Wyoming/8/2011	Usa	2011-03-23	cell	HA1:I3L,HA1:R33Q,HA1:N45S,HA1:I48T,HA1:G53N,HA1:G62E,HA1:E83K,HA1:R92K,HA1:N94H,HA1:K121N,HA1:K131T,HA1:G142R,HA1:S144N,HA1:S145N,HA1:S156H,HA1:N159F,HA1:I160K,HA1:Q164L,HA1:K171N,HA1:D186G,HA1:N190D,HA1:S193F,HA1:F195Y,HA1:S198A,HA1:I223V,HA1:D225N,HA1:I230V,HA1:S265G,HA1:K278N,HA1:E280A,HA1:S312N,HA2:V77I,HA2:E155G,HA2:N160D,HA2:M193I,HA2:I200V,SigPep:N9Y
A/Hawaii/22/2010	Usa	2010-10-11	cell	HA1:I3L,HA1:R33Q,HA1:N45S,HA1:I48T,HA1:G53N,HA1:G62E,HA1:E83K,HA1:R92K,HA1:N94H,HA1:K121N,HA1:K131T,HA1:G142R,HA1:S144N,HA1:S145N,HA1:S156H,HA1:N159F,HA1:I160K,HA1:Q164L,HA1:K171N,HA1:D186G,HA1:N190D,HA1:S193F,HA1:F195Y,HA1:S198A,HA1:I223V,HA1:D225N,HA1:I230V,HA1:K278N,HA1:E280A,HA1:S312N,HA2:V77I,HA2:E155G,HA2:N160D,HA2:M193I,HA2:I200V,SigPep:N9Y
A/Tasmania/2/2010	Australia	2010-08-16	unpassaged	HA1:I3L,HA1:R33Q,HA1:I48A,HA1:G53D,HA1:G62E,HA1:E83K,HA1:N94Y,HA1:K121N,HA1:K131T,HA1:G142R,HA1:S144N,HA1:S145N,HA1:S156H,HA1:N159F,HA1:I160K,HA1:Q164L,HA1:K171N,HA1:D186G,HA1:N190D,HA1:S193F,HA1:F195Y,HA1:S198A,HA1:I223V,HA1:D225N,HA1:K278N,SigPep:N9Y
A/Victoria/335/2011	Australia	2011-09-28	cell	HA1:I3L,HA1:R33Q,HA1:G53D,HA1:G62E,HA1:E83K,HA1:R92K,HA1:N94Y,HA1:K121N,HA1:K131T,HA1:G142R,HA1:S144N,HA1:S145N,HA1:S156H,HA1:N159F,HA1:I160K,HA1:Q164L,HA1:K171N,HA1:D186G,HA1:N190D,HA1:S193F,HA1:F195Y,HA1:D225N,HA1:K278N,HA2:V77I,HA2:K123R,HA2:E155G,HA2:N160D,HA2:V176I,HA2:M193I,HA2:I200V,SigPep:N9Y
A/Townsville/73/2011	Australia	2011-04-07	cell	HA1:I3L,HA1:R33Q,HA1:N45S,HA1:I48T,HA1:G53N,HA1:G62E,HA1:E83K,HA1:R92K,HA1:N94H,HA1:K121N,HA1:K131T,HA1:G142R,HA1:S144N,HA1:S145N,HA1:S156H,HA1:N159F,HA1:I160K,HA1:Q164L,HA1:K171N,HA1:D186G,HA1:N190D,HA1:S193F,HA1:F195Y,HA1:S198A,HA1:I223V,HA1:D225N,HA1:I230V,HA1:S262N,HA1:K278N,HA1:E280A,HA1:S312N,HA2:K51N,HA2:V77I,HA2:E155G,HA2:M193I,HA2:I200V,SigPep:N9Y
A/Victoria/893/2011	Australia	2011-12-07	cell	HA1:I3L,HA1:R33Q,HA1:N45S,HA1:I48T,HA1:G53N,HA1:G62E,HA1:E83K,HA1:R92K,HA1:N94H,HA1:K121N,HA1:K131T,HA1:G142R,HA1:S144N,HA1:S145N,HA1:S156H,HA1:N159F,HA1:I160K,HA1:Q164L,HA1:K171N,HA1:D186G,HA1:N190D,HA1:S193F,HA1:F195Y,HA1:S198A,HA1:S199A,HA1:N216S,HA1:I217V,HA1:I223V,HA1:D225N,HA1:I230V,HA1:K278N,HA1:E280A,HA1:S312N,HA2:V77I,HA2:E155G,HA2:N160D,HA2:M193I,HA2:I200V,SigPep:N9Y
A/Victoria/546/2011	Australia	2011-07-30	cell	HA1:I3L,HA1:R33Q,HA1:N45S,HA1:I48T,HA1:G53N,HA1:G62E,HA1:E83K,HA1:R92K,HA1:N94H,HA1:K121N,HA1:K131T,HA1:G142R,HA1:S144N,HA1:S145N,HA1:S156H,HA1:N159F,HA1:I160K,HA1:Q164L,HA1:K171N,HA1:D186G,HA1:N190D,HA1:S193F,HA1:F195Y,HA1:S198A,HA1:S199A,HA1:I217V,HA1:I223V,HA1:D225N,HA1:I230V,HA1:K278N,HA1:E280A,HA1:S312N,HA2:V77I,HA2:E155G,HA2:N160D,HA2:M193I,HA2:I200V,SigPep:N9Y
A/Sydney/25/2009	Australia	2009-06-30	cell	HA1:I3L,HA1:R33Q,HA1:N45S,HA1:I48T,HA1:G53D,HA1:G62K,HA1:E83K,HA1:R92K,HA1:N94Y,HA1:K121N,HA1:K131T,HA1:G142R,HA1:S144K,HA1:S145N,HA1:S156H,HA1:N159F,HA1:I160K,HA1:Q164L,HA1:K171N,HA1:D186G,HA1:N190D,HA1:S193F,HA1:F195Y,HA1:S198A,HA1:A212T,HA1:V213A,HA1:I223V,HA1:D225N,HA1:K278N,HA1:S312N,HA2:V77I,HA2:E155G,HA2:N160D,HA2:M193I,HA2:I200V,SigPep:N9Y
A/Townsville/98/2010	Australia	2010-12-13	cell	HA1:I3L,HA1:R33Q,HA1:N45S,HA1:I48T,HA1:G53N,HA1:G62E,HA1:E83K,HA1:R92K,HA1:N94H,HA1:K121N,HA1:K131T,HA1:G142R,HA1:S144N,HA1:S145N,HA1:S156H,HA1:N159F,HA1:I160K,HA1:Q164L,HA1:K171N,HA1:D186G,HA1:N190D,HA1:S193F,HA1:F195Y,HA1:S198A,HA1:I223V,HA1:D225N,HA1:I230V,HA1:K278N,HA1:E280A,HA1:S312N,HA2:V77I,HA2:L91I,HA2:E155G,HA2:N160D,HA2:M193I,HA2:I200V,SigPep:N9Y,SigPep:F15V
A/Brisbane/1/2011	Australia	2011-01-02	cell	HA1:I3L,HA1:R33Q,HA1:N45S,HA1:I48T,HA1:G53N,HA1:G62E,HA1:E83K,HA1:R92K,HA1:N94H,HA1:K121N,HA1:N122S,HA1:K131T,HA1:G142R,HA1:S144N,HA1:S145N,HA1:S156H,HA1:N159F,HA1:I160K,HA1:Q164L,HA1:K171N,HA1:D186G,HA1:N190D,HA1:S193F,HA1:F195Y,HA1:S198A,HA1:I223V,HA1:D225N,HA1:I230V,HA1:K278N,HA1:E280A,HA1:S312N,HA2:V77I,HA2:E155G,HA2:N160D,HA2:M193I,HA2:I200V,SigPep:N9Y
A/Sydney/1/2009	Australia	2009-01-12	cell	HA1:I3L,HA1:R33Q,HA1:N45S,HA1:I48T,HA1:G53D,HA1:G62E,HA1:E83K,HA1:R92K,HA1:N94Y,HA1:K121N,HA1:K131T,HA1:G142R,HA1:S144N,HA1:S145N,HA1:S156H,HA1:N158K,HA1:N159F,HA1:I160K,HA1:Q164L,HA1:K171N,HA1:D186G,HA1:K189N,HA1:N190D,HA1:S193F,HA1:F195Y,HA1:S198A,HA1:A212T,HA1:I223V,HA1:D225N,HA1:K278N,HA1:S312N,HA2:V77I,HA2:E155G,HA2:N160D,HA2:M193I,HA2:I200V,SigPep:N9Y
A/Perth/232/2011	Australia	2011-09-23	cell	HA1:I3L,HA1:R33Q,HA1:I48T,HA1:G53D,HA1:G62E,HA1:E83K,HA1:R92K,HA1:N94Y,HA1:K121N,HA1:K131T,HA1:G142R,HA1:S144N,HA1:S156H,HA1:N159F,HA1:I160K,HA1:Q164L,HA1:K171N,HA1:D186G,HA1:N190D,HA1:S193F,HA1:F195Y,HA1:D225N,HA1:K278N,HA2:V77I,HA2:E155G,HA2:D158N,HA2:N160D,HA2:M193I,HA2:I200V,SigPep:N9Y
A/Perth/10/2010	Australia	2010-05-25	cell	HA1:I3L,HA1:R33Q,HA1:N45S,HA1:I48T,HA1:G53N,HA1:G62E,HA1:E83K,HA1:R92K,HA1:N94H,HA1:K121N,HA1:K131T,HA1:G142R,HA1:S144N,HA1:S145N,HA1:S156H,HA1:N159F,HA1:I160K,HA1:Q164L,HA1:K171N,HA1:D186G,HA1:N190D,HA1:S193F,HA1:F195Y,HA1:S198A,HA1:I223V,HA1:D225N,HA1:I230V,HA1:K278N,HA1:E280A,HA1:S312N,HA2:V77I,HA2:E155G,HA2:N160D,HA2:M193I,HA2:I200V,SigPep:N9Y
A/Victoria/892/2011	Australia	2011-11-04	cell	HA1:I3L,HA1:R33Q,HA1:N45S,HA1:I48T,HA1:G53N,HA1:G62E,HA1:E83K,HA1:R92K,HA1:N94H,HA1:K121N,HA1:S124N,HA1:K131T,HA1:G142R,HA1:S144N,HA1:S145N,HA1:S156H,HA1:N159F,HA1:I160K,HA1:Q164L,HA1:K171N,HA1:D186G,HA1:N190D,HA1:S193F,HA1:F195Y,HA1:S198A,HA1:S199A,HA1:I217V,HA1:I223V,HA1:D225N,HA1:I230V,HA1:K278N,HA1:E280A,HA1:S312N,HA2:V77I,HA2:L102M,HA2:E155G,HA2:N160D,HA2:I173V,HA2:M193I,HA2:I200V,SigPep:N9Y
A/Victoria/650/2010	Australia	2010-10-15	cell	HA1:I3L,HA1:R33Q,HA1:N45S,HA1:I48T,HA1:G53N,HA1:G62E,HA1:E83K,HA1:R92K,HA1:N94H,HA1:K121N,HA1:K131T,HA1:G142R,HA1:S144N,HA1:S145N,HA1:S156H,HA1:N159F,HA1:I160K,HA1:Q164L,HA1:K171N,HA1:D186G,HA1:N190D,HA1:S193F,HA1:F195Y,HA1:S198A,HA1:D225N,HA1:I230V,HA1:K278N,HA1:E280A,HA1:S312N,HA2:V77I,HA2:E155G,HA2:N160D,HA2:I200V,SigPep:N9Y
A/Townsville/105/2010	Australia	2010-12-03	undetermined	HA1:I3L,HA1:R33Q,HA1:N45S,HA1:I48T,HA1:G53N,HA1:G62E,HA1:E83K,HA1:R92K,HA1:N94H,HA1:K121N,HA1:K131T,HA1:G142R,HA1:S144N,HA1:S145N,HA1:S156H,HA1:N159F,HA1:I160K,HA1:Q164L,HA1:K171N,HA1:D186G,HA1:N190D,HA1:S193F,HA1:F195Y,HA1:S198A,HA1:I223V,HA1:D225N,HA1:I230V,HA1:K278N,HA1:E280A,HA1:A304V,HA1:S312N,HA2:V77I,HA2:E155G,HA2:M193I,HA2:I200V,SigPep:N9Y
A/Victoria/812/2011	Australia	2011-07-14	cell	HA1:I3L,HA1:R33Q,HA1:N45S,HA1:I48T,HA1:G53D,HA1:G62E,HA1:E83K,HA1:R92K,HA1:N94Y,HA1:K121N,HA1:K131T,HA1:G142R,HA1:S144N,HA1:S156H,HA1:N159F,HA1:I160K,HA1:Q164L,HA1:K171N,HA1:D186G,HA1:N190D,HA1:S193F,HA1:F195Y,HA1:D225N,HA1:K278N,HA2:V77I,HA2:E155G,HA2:D158N,HA2:N160D,HA2:M193I,HA2:I200V,SigPep:N9Y
A/Perth/196/2011	Australia	2011-09-12	cell	HA1:I3L,HA1:G53D,HA1:G62E,HA1:E83K,HA1:R92K,HA1:N94Y,HA1:K121N,HA1:K131T,HA1:G142R,HA1:S144N,HA1:S145N,HA1:S156H,HA1:N159F,HA1:I160K,HA1:Q164L,HA1:K171N,HA1:D186G,HA1:N190D,HA1:S193F,HA1:F195Y,HA1:D225N,HA2:V77I,HA2:E155G,HA2:N160D,HA2:M193I,HA2:I200V,HA2:A201G,SigPep:N9Y
A/Brisbane/417/2011	Australia	2011-12-22	cell	HA1:I3L,HA1:I25M,HA1:R33Q,HA1:N45S,HA1:I48T,HA1:G53D,HA1:G62E,HA1:E83K,HA1:R92K,HA1:N94Y,HA1:K121N,HA1:K131T,HA1:G142R,HA1:S144D,HA1:S156H,HA1:N159F,HA1:I160K,HA1:Q164L,HA1:K171N,HA1:D186G,HA1:N190D,HA1:S193F,HA1:F195Y,HA1:S198A,HA1:D225N,HA1:K278N,HA1:S312N,HA2:V77I,HA2:E155G,HA2:D158N,HA2:N160D,HA2:M193I,HA2:I200V,SigPep:N9Y
A/Victoria/555/2011	Australia	2011-08-06	cell	HA1:I3L,HA1:R33Q,HA1:N45S,HA1:I48T,HA1:G53D,HA1:G62E,HA1:E83K,HA1:R92K,HA1:N94Y,HA1:K121N,HA1:K131T,HA1:G142R,HA1:S144N,HA1:S156H,HA1:N159F,HA1:I160K,HA1:Q164L,HA1:K171N,HA1:D186G,HA1:N190D,HA1:S193F,HA1:F195Y,HA1:D225N,HA1:K278N,HA2:V77I,HA2:E155G,HA2:D158N,HA2:N160D,HA2:M193I,HA2:I200V,SigPep:N9Y
A/Townsville/117/2010	Australia	2010-12-16	cell	HA1:I3L,HA1:R33Q,HA1:N45S,HA1:I48T,HA1:G53N,HA1:G62E,HA1:E83K,HA1:R92K,HA1:N94H,HA1:K121N,HA1:K131T,HA1:G142R,HA1:S144N,HA1:S145N,HA1:S156H,HA1:N159F,HA1:I160K,HA1:Q164L,HA1:K171N,HA1:D186G,HA1:N190D,HA1:S193F,HA1:F195Y,HA1:S198A,HA1:I223V,HA1:D225N,HA1:I230V,HA1:K278N,HA1:E280A,HA1:S312N,HA2:V77I,HA2:L91I,HA2:E155G,HA2:N160D,HA2:M193I,HA2:I200V,SigPep:N9Y
A/Victoria/500/2009	Australia	2009-01-12	cell	HA1:I3L,HA1:R33Q,HA1:N45S,HA1:I48T,HA1:G53N,HA1:G62E,HA1:E83K,HA1:R92K,HA1:N94Y,HA1:K121N,HA1:K131T,HA1:G142R,HA1:S144N,HA1:S156H,HA1:L157S,HA1:N158K,HA1:N159F,HA1:I160K,HA1:Q164L,HA1:K171N,HA1:Q173N,HA1:D186G,HA1:K189N,HA1:N190D,HA1:S193F,HA1:F195Y,HA1:S198A,HA1:A212T,HA1:D225N,HA1:K278N,HA1:S312N,HA2:R32I,HA2:I45V,HA2:V77I,HA2:E155G,HA2:N160D,HA2:M193I,HA2:I200V,SigPep:N9Y
A/Victoria/861/2011	Australia	2011-09-14	unpassaged	HA1:I3L,HA1:R33Q,HA1:N45S,HA1:I48T,HA1:G53N,HA1:G62E,HA1:E83K,HA1:R92K,HA1:N94H,HA1:K121N,HA1:K131T,HA1:G142R,HA1:S144N,HA1:S145N,HA1:S156H,HA1:N159F,HA1:I160K,HA1:Q164L,HA1:K171N,HA1:D186G,HA1:N190D,HA1:S193F,HA1:F195Y,HA1:S198A,HA1:S199A,HA1:I217V,HA1:I223V,HA1:D225N,HA1:I230V,HA1:K278N,HA1:E280A,HA1:S312N,HA2:V77I,HA2:E155G,HA2:N160D,HA2:M193I,HA2:I200V,SigPep:N9Y
A/Perth/219/2011	Australia	2011-09-17	cell	HA1:I3L,HA1:G53D,HA1:G62E,HA1:E83K,HA1:R92K,HA1:N94Y,HA1:K121N,HA1:K131T,HA1:G142R,HA1:S144N,HA1:S145N,HA1:S156H,HA1:N159F,HA1:I160K,HA1:Q164L,HA1:K171N,HA1:D186G,HA1:N190D,HA1:S193F,HA1:F195Y,HA1:D225N,HA2:V77I,HA2:E155G,HA2:N160D,HA2:M193I,HA2:I200V,SigPep:N9Y
A/Southaustralia/414/2010	Australia	2010-10-04	cell	HA1:I3L,HA1:S9N,HA1:R33Q,HA1:N45S,HA1:I48T,HA1:G53D,HA1:G62E,HA1:E83K,HA1:R92K,HA1:N94Y,HA1:K121N,HA1:K131T,HA1:G142R,HA1:S144N,HA1:S145N,HA1:S156H,HA1:N159F,HA1:I160K,HA1:Q164L,HA1:K171N,HA1:D186G,HA1:N190D,HA1:S193F,HA1:F195Y,HA1:S198A,HA1:I223V,HA1:D225N,HA1:K278N,HA2:V77I,HA2:K139T,HA2:E155G,HA2:D158N,HA2:M193I,HA2:I200V,SigPep:N9Y,SigPep:I10V
A/Australia/34/2009	Australia	2009-07-24	unpassaged	HA1:I3L,HA1:R33Q,HA1:N45S,HA1:I48T,HA1:G53D,HA1:G62K,HA1:E83K,HA1:R92K,HA1:N94Y,HA1:K121N,HA1:K131T,HA1:G142R,HA1:S144K,HA1:S145N,HA1:S156H,HA1:N159F,HA1:I160K,HA1:Q164L,HA1:K171N,HA1:D186G,HA1:N190D,HA1:S193F,HA1:F195Y,HA1:S198A,HA1:A212T,HA1:V213A,HA1:I223V,HA1:D225N,HA1:K278N,HA1:S312N,HA2:V77I,HA2:E155G,HA2:N160D,HA2:M193I,HA2:I200V,SigPep:N9Y
A/Brisbane/258/2010	Australia	2010-10-01	cell	HA1:I3L,HA1:R33Q,HA1:N45S,HA1:I48T,HA1:E50K,HA1:G53D,HA1:G62K,HA1:E83K,HA1:R92K,HA1:N94Y,HA1:K121N,HA1:K131T,HA1:G142R,HA1:S144K,HA1:S145N,HA1:S156H,HA1:N159F,HA1:I160K,HA1:P162S,HA1:Q164L,HA1:K171N,HA1:D186G,HA1:N190D,HA1:S193F,HA1:F195Y,HA1:S198A,HA1:A212T,HA1:I223V,HA1:D225N,HA1:I260M,HA1:R261Q,HA1:K278N,HA1:S312N,HA2:V77I,HA2:E155G,HA2:N160D,HA2:M193I,HA2:I200V,SigPep:N9Y
A/Brisbane/122/2010	Australia	2010-08-22	cell	HA1:I3L,HA1:R33Q,HA1:N45S,HA1:I48T,HA1:G53N,HA1:G62E,HA1:G78D,HA1:E83K,HA1:R92K,HA1:N94H,HA1:K121N,HA1:K131T,HA1:G142R,HA1:S144N,HA1:S145N,HA1:S156H,HA1:N159F,HA1:I160K,HA1:Q164L,HA1:K171N,HA1:D186G,HA1:N190D,HA1:S193F,HA1:F195Y,HA1:S198A,HA1:I223V,HA1:D225N,HA1:I230V,HA1:K278N,HA1:E280A,HA1:S312N,HA2:V77I,HA2:E155G,HA2:M193I,HA2:I200V,SigPep:N9Y
A/Brisbane/299/2011	Australia	2011-08-13	cell	HA1:I3L,HA1:R33Q,HA1:N45S,HA1:I48T,HA1:G53N,HA1:G62E,HA1:E83K,HA1:R92K,HA1:N94H,HA1:K121N,HA1:K131T,HA1:G142R,HA1:S144N,HA1:S145N,HA1:S156H,HA1:N159F,HA1:I160K,HA1:Q164L,HA1:K171N,HA1:D186G,HA1:N190D,HA1:S193F,HA1:F195Y,HA1:S198A,HA1:S199A,HA1:I217V,HA1:I223V,HA1:D225N,HA1:I230V,HA1:K278N,HA1:E280A,HA1:S312N,HA1:Q327K,HA2:V77I,HA2:E155G,HA2:N160D,HA2:M193I,HA2:I200V,SigPep:N9Y
A/Southaustralia/14/2011	Australia	2011-07-07	cell	HA1:I3L,HA1:R33Q,HA1:N45S,HA1:I48T,HA1:G53D,HA1:G62E,HA1:E83K,HA1:R92K,HA1:N94Y,HA1:K121N,HA1:K131T,HA1:G142R,HA1:S144N,HA1:S156H,HA1:N159F,HA1:I160K,HA1:Q164L,HA1:K171N,HA1:D186G,HA1:N190D,HA1:S193F,HA1:F195Y,HA1:D225N,HA1:K278N,HA2:V77I,HA2:E155G,HA2:D158N,HA2:N160D,HA2:M193I,HA2:I200V,SigPep:N9Y
A/SouthAustralia/313/2011	Australia	2011-11-18	unpassaged	HA1:I3L,HA1:R33Q,HA1:N45S,HA1:I48T,HA1:G53D,HA1:G62E,HA1:E83K,HA1:R92K,HA1:N94Y,HA1:K121N,HA1:K131T,HA1:G142R,HA1:S144N,HA1:S156H,HA1:N159F,HA1:I160K,HA1:Q164L,HA1:K171N,HA1:D186G,HA1:N190D,HA1:S193F,HA1:F195Y,HA1:D225N,HA1:K278N,HA2:V77I,HA2:E155G,HA2:D158N,HA2:N160D,HA2:I200V,SigPep:N9Y
A/Townsville/87/2010	Australia	2010-11-26	cell	HA1:I3L,HA1:R33Q,HA1:N45S,HA1:I48T,HA1:G53N,HA1:G62E,HA1:E83K,HA1:R92K,HA1:N94H,HA1:K121N,HA1:K131T,HA1:G142R,HA1:S144N,HA1:S145N,HA1:S156H,HA1:N159F,HA1:I160K,HA1:Q164L,HA1:K171N,HA1:D186G,HA1:N190D,HA1:S193F,HA1:F195Y,HA1:S198A,HA1:I223V,HA1:D225N,HA1:I230V,HA1:K278N,HA1:E280A,HA1:S312N,HA2:V77I,HA2:E155G,HA2:M193I,HA2:I200V,SigPep:N9Y
A/Victoria/853/2011	Australia	2011-09-15	unpassaged	HA1:I3L,HA1:R33Q,HA1:N45S,HA1:I48T,HA1:G53N,HA1:G62E,HA1:E83K,HA1:R92K,HA1:N94H,HA1:K121N,HA1:K131T,HA1:G142R,HA1:S144N,HA1:S145N,HA1:S156H,HA1:N159F,HA1:I160K,HA1:Q164L,HA1:K171N,HA1:D186G,HA1:N190D,HA1:S193F,HA1:F195Y,HA1:S198A,HA1:S199A,HA1:I217V,HA1:I223V,HA1:D225N,HA1:I230V,HA1:K278N,HA1:E280A,HA1:S312N,HA2:V77I,HA2:E155G,HA2:N160D,HA2:M193I,HA2:I200V,SigPep:N9Y
A/Australia/55/2009	Australia	2009-07-30	unpassaged	HA1:I3L,HA1:R33Q,HA1:N45S,HA1:I48T,HA1:G53D,HA1:G62K,HA1:E83K,HA1:R92K,HA1:N94Y,HA1:K121N,HA1:K131T,HA1:T135K,HA1:G142R,HA1:S144K,HA1:S145N,HA1:S156H,HA1:N159F,HA1:I160K,HA1:Q164L,HA1:K171N,HA1:D186G,HA1:N190D,HA1:S193F,HA1:F195Y,HA1:S198A,HA1:A212T,HA1:I223V,HA1:D225N,HA1:K278N,HA1:S312N,HA2:V77I,HA2:E155G,HA2:N160D,HA2:M193I,HA2:I200V,SigPep:N9Y
A/SouthAustralia/205/2011	Australia	2011-09-05	cell	HA1:I3L,HA1:R33Q,HA1:N45S,HA1:I48T,HA1:G53N,HA1:G62E,HA1:E83K,HA1:R92K,HA1:N94H,HA1:K121N,HA1:K131T,HA1:G142R,HA1:S144N,HA1:S145N,HA1:S156H,HA1:N159F,HA1:I160K,HA1:Q164L,HA1:K171N,HA1:D186G,HA1:N190D,HA1:S193F,HA1:F195Y,HA1:S198A,HA1:S199A,HA1:I217V,HA1:I223V,HA1:D225N,HA1:I230V,HA1:K278N,HA1:E280A,HA1:S312N,HA2:V77I,HA2:E155G,HA2:N160D,HA2:M193I,HA2:I200V,SigPep:N9Y,SigPep:F15S
A/Victoria/511/2011	Australia	2011-08-08	cell	HA1:I3L,HA1:R33Q,HA1:N45S,HA1:I48T,HA1:G53N,HA1:G62E,HA1:E83K,HA1:R92K,HA1:N94H,HA1:K121N,HA1:K131T,HA1:G142R,HA1:S144N,HA1:S145N,HA1:S156H,HA1:N159F,HA1:I160K,HA1:Q164L,HA1:K171N,HA1:D186G,HA1:N190D,HA1:S193Y,HA1:F195Y,HA1:S198A,HA1:S199A,HA1:I217V,HA1:I223V,HA1:D225N,HA1:I230V,HA1:K278N,HA1:E280A,HA1:S312N,HA2:V77I,HA2:E155G,HA2:N160D,HA2:I173V,HA2:M193I,HA2:I200V,SigPep:N9Y
A/Townsville/60/2010	Australia	2010-10-25	cell	HA1:I3L,HA1:R33Q,HA1:N45S,HA1:I48T,HA1:G53N,HA1:G62E,HA1:E83K,HA1:R92K,HA1:N94H,HA1:K121N,HA1:K131T,HA1:G142R,HA1:S144N,HA1:S145N,HA1:S156H,HA1:N159F,HA1:I160K,HA1:Q164L,HA1:K171N,HA1:D186G,HA1:N190D,HA1:S193F,HA1:F195Y,HA1:S198A,HA1:I223V,HA1:D225N,HA1:I230V,HA1:K278N,HA1:E280A,HA1:S312N,HA2:V77I,HA2:E155G,HA2:N160D,HA2:M193I,HA2:I200V,SigPep:N9Y
A/Australia/22/2009	Australia	2009-07-21	unpassaged	HA1:I3L,HA1:R33Q,HA1:N45S,HA1:I48T,HA1:G53D,HA1:G62K,HA1:E83K,HA1:R92K,HA1:N94Y,HA1:K121N,HA1:K131T,HA1:G142R,HA1:S144K,HA1:S145N,HA1:S156H,HA1:N159F,HA1:I160K,HA1:Q164L,HA1:K171N,HA1:D186G,HA1:N190D,HA1:S193F,HA1:F195Y,HA1:S198A,HA1:A212T,HA1:V213A,HA1:I223V,HA1:D225N,HA1:K278N,HA1:S312N,HA2:V77I,HA2:E155G,HA2:N160D,HA2:M193I,HA2:I200V,SigPep:N9Y
A/Brisbane/502/2011	Australia	2011-07-17	unpassaged	HA1:I3L,HA1:R33Q,HA1:N45S,HA1:I48T,HA1:G53D,HA1:G62E,HA1:F79L,HA1:E83K,HA1:R92K,HA1:N94Y,HA1:K121N,HA1:K131T,HA1:G142R,HA1:S144D,HA1:S156H,HA1:N159F,HA1:I160K,HA1:Q164L,HA1:K171N,HA1:D186G,HA1:N190D,HA1:S193F,HA1:F195Y,HA1:S198A,HA1:I214T,HA1:D225N,HA1:K278N,HA1:S312N,HA2:V77I,HA2:E155G,HA2:D158N,HA2:N160D,HA2:M193I,HA2:I200V,SigPep:N9Y
A/SouthAustralia/212/2011	Australia	2011-09-13	cell	HA1:I3L,HA1:R33Q,HA1:G53D,HA1:G62E,HA1:E83K,HA1:R92K,HA1:N94Y,HA1:K121N,HA1:K131T,HA1:G142R,HA1:S144N,HA1:S145N,HA1:S156H,HA1:N159F,HA1:I160K,HA1:Q164L,HA1:K171N,HA1:D186G,HA1:N190D,HA1:S193F,HA1:F195Y,HA1:D225N,HA1:K278N,HA2:V77I,HA2:E155G,HA2:N160D,HA2:M193I,HA2:I200V,SigPep:N9Y
A/Victoria/210/2009	Australia	2009-06-02	cell	HA1:I3L,HA1:R33Q,HA1:I48T,HA1:G53D,HA1:G62K,HA1:E83K,HA1:R92K,HA1:N94Y,HA1:K121N,HA1:K131T,HA1:G142R,HA1:S144K,HA1:S145N,HA1:S156H,HA1:N159F,HA1:I160K,HA1:Q164L,HA1:K171N,HA1:D186G,HA1:N190Y,HA1:S193F,HA1:F195Y,HA1:S198A,HA1:A212T,HA1:I223V,HA1:D225N,HA1:I260M,HA1:R261Q,HA1:K278N,HA1:S312N,HA2:V77I,HA2:E155G,HA2:N160D,HA2:M193I,HA2:I200V,SigPep:N9Y
A/Brisbane/66/2009	Australia	2009-06-23	cell	HA1:I3L,HA1:R33Q,HA1:N45S,HA1:I48T,HA1:G53D,HA1:G62K,HA1:E83K,HA1:R92K,HA1:N94Y,HA1:K121N,HA1:K131T,HA1:G142R,HA1:S144K,HA1:S145N,HA1:S156H,HA1:N159F,HA1:I160K,HA1:Q164L,HA1:K171N,HA1:D186G,HA1:N190D,HA1:S193F,HA1:F195Y,HA1:S198A,HA1:A212T,HA1:V213A,HA1:I223V,HA1:D225N,HA1:K278N,HA1:S312N,HA2:V77I,HA2:E155G,HA2:N160D,HA2:D164N,HA2:M193I,HA2:I200V,SigPep:N9Y
A/Sydney/3/2009	Australia	2009-01-20	cell	HA1:I3L,HA1:R33Q,HA1:N45S,HA1:I48T,HA1:G53D,HA1:G62E,HA1:E83K,HA1:R92K,HA1:N94Y,HA1:K121N,HA1:K131T,HA1:G142R,HA1:S144N,HA1:S145N,HA1:S156H,HA1:N158K,HA1:N159F,HA1:I160R,HA1:Q164L,HA1:K171N,HA1:D186G,HA1:K189N,HA1:N190D,HA1:S193F,HA1:F195Y,HA1:S198A,HA1:A212T,HA1:I223V,HA1:D225N,HA1:K278N,HA1:A304T,HA1:S312N,HA2:V77I,HA2:E155G,HA2:N160D,HA2:M193I,HA2:I200V,SigPep:N9Y
A/SouthAustralia/414/2010	Australia	2010-10-04	undetermined	HA1:I3L,HA1:S9N,HA1:R33Q,HA1:N45S,HA1:I48T,HA1:G53D,HA1:G62E,HA1:E83K,HA1:R92K,HA1:N94Y,HA1:K121N,HA1:K131T,HA1:G142R,HA1:S144N,HA1:S145N,HA1:S156H,HA1:N159F,HA1:I160K,HA1:Q164L,HA1:K171N,HA1:D186G,HA1:N190D,HA1:S193F,HA1:F195Y,HA1:S198A,HA1:I223V,HA1:D225N,HA1:K278N,HA2:V77I,HA2:K139T,HA2:E155G,HA2:D158N,HA2:M193I,HA2:I200V,SigPep:N9Y,SigPep:I10V
A/Perth/14/2009	Australia	2009-04-07	cell	HA1:I3L,HA1:R33Q,HA1:N45S,HA1:I48T,HA1:G53D,HA1:G62K,HA1:E83K,HA1:R92K,HA1:N94Y,HA1:K121N,HA1:K131T,HA1:G142R,HA1:S144K,HA1:S145N,HA1:S156H,HA1:N159F,HA1:I160K,HA1:Q164L,HA1:K171N,HA1:D186G,HA1:N190D,HA1:S193F,HA1:F195Y,HA1:S198A,HA1:A212T,HA1:I214S,HA1:I223V,HA1:D225N,HA1:K278N,HA1:S312N,HA2:V77I,HA2:E155G,HA2:N160D,HA2:M193I,HA2:I200V,SigPep:N9Y
A/Townsville/34/2011	Australia	2011-02-03	cell	HA1:I3L,HA1:R33Q,HA1:N45S,HA1:I48T,HA1:G53N,HA1:G62E,HA1:E83K,HA1:R92K,HA1:N94H,HA1:K121N,HA1:K131T,HA1:G142R,HA1:S144N,HA1:S145N,HA1:S156H,HA1:N159F,HA1:I160K,HA1:Q164L,HA1:K171N,HA1:D186G,HA1:N190D,HA1:S193F,HA1:F195Y,HA1:S198A,HA1:I223V,HA1:D225N,HA1:I230V,HA1:S262N,HA1:K278N,HA1:E280A,HA1:S312N,HA2:V77I,HA2:E155G,HA2:M193I,HA2:I200V,SigPep:N9Y
A/Townsville/3/2011	Australia	2011-01-06	cell	HA1:I3L,HA1:N31D,HA1:R33Q,HA1:N45S,HA1:I48T,HA1:G53N,HA1:G62E,HA1:F79L,HA1:E83K,HA1:R92K,HA1:N94H,HA1:K121N,HA1:K131T,HA1:G142R,HA1:S144N,HA1:S145N,HA1:S156H,HA1:N159F,HA1:I160K,HA1:Q164L,HA1:K171N,HA1:D186G,HA1:N190D,HA1:S193F,HA1:F195Y,HA1:S198A,HA1:I223V,HA1:D225N,HA1:I230V,HA1:K278N,HA1:E280A,HA1:S312N,HA2:V77I,HA2:E155G,HA2:N160D,HA2:I200V,SigPep:N9Y
A/Brisbane/253/2010	Australia	2010-09-19	cell	HA1:I3L,HA1:R33Q,HA1:N45S,HA1:I48T,HA1:E50K,HA1:G53D,HA1:G62K,HA1:E83K,HA1:R92K,HA1:N94Y,HA1:K121N,HA1:K131T,HA1:G142R,HA1:S144K,HA1:S145N,HA1:S156H,HA1:N159F,HA1:I160K,HA1:P162S,HA1:Q164L,HA1:K171N,HA1:D186G,HA1:N190D,HA1:S193F,HA1:F195Y,HA1:S198A,HA1:A212T,HA1:I223V,HA1:D225N,HA1:I260M,HA1:R261Q,HA1:K278N,HA1:S312N,HA2:V77I,HA2:E155G,HA2:N160D,HA2:M193I,HA2:I200V,SigPep:N9Y
A/Darwin/14/2011	Australia	2011-02-18	cell	HA1:I3L,HA1:R33Q,HA1:N45S,HA1:I48A,HA1:G53D,HA1:Q57H,HA1:G62E,HA1:E83K,HA1:N94Y,HA1:K121N,HA1:K131T,HA1:G142R,HA1:S144N,HA1:S145N,HA1:S156H,HA1:N159F,HA1:I160K,HA1:Q164L,HA1:K171N,HA1:D186G,HA1:N190D,HA1:S193F,HA1:F195Y,HA1:S198A,HA1:I223V,HA1:D225N,HA1:K278N,HA2:V18M,HA2:V77I,HA2:E155G,HA2:N160D,HA2:M193I,HA2:I200V,SigPep:N9Y
A/Victoria/500/2011	Australia	2011-01-06	undetermined	HA1:I3L,HA1:R33Q,HA1:N45S,HA1:I48T,HA1:G53N,HA1:G62E,HA1:E83K,HA1:R92K,HA1:N94H,HA1:K121N,HA1:N122S,HA1:K131T,HA1:G142R,HA1:S144N,HA1:S145N,HA1:S156H,HA1:N159F,HA1:I160K,HA1:Q164L,HA1:K171N,HA1:D186G,HA1:N190D,HA1:S193F,HA1:F195Y,HA1:S198A,HA1:I223V,HA1:D225N,HA1:I230V,HA1:K278N,HA1:E280A,HA1:S312N,HA2:V77I,HA2:T87S,HA2:E155G,HA2:N160D,HA2:M193I,HA2:I200V,SigPep:N9Y
A/Darwin/92/2011	Australia	2011-04-04	cell	HA1:I3L,HA1:R33Q,HA1:N45S,HA1:I48A,HA1:E50K,HA1:G53D,HA1:Q57H,HA1:G62E,HA1:E83K,HA1:N94Y,HA1:K121N,HA1:K131T,HA1:G142R,HA1:S144N,HA1:S145N,HA1:S156H,HA1:N159F,HA1:I160K,HA1:Q164L,HA1:K171N,HA1:D186G,HA1:N190D,HA1:S193F,HA1:F195Y,HA1:S198A,HA1:I223V,HA1:D225N,HA1:K278N,HA2:V18M,HA2:V77I,HA2:E155G,HA2:N160D,HA2:M193T,HA2:I200V,SigPep:N9Y
A/Victoria/552/2010	Australia	2010-08-27	cell	HA1:I3L,HA1:R33Q,HA1:N45S,HA1:I48A,HA1:G53D,HA1:G62E,HA1:E83K,HA1:N94Y,HA1:K121N,HA1:K131T,HA1:G142R,HA1:S144N,HA1:S145N,HA1:S156H,HA1:N159F,HA1:I160K,HA1:Q164L,HA1:K171N,HA1:D186G,HA1:N190D,HA1:S193F,HA1:F195Y,HA1:S198A,HA1:I223V,HA1:D225N,HA1:K278N,HA2:V77I,HA2:E155G,HA2:N160D,HA2:M193I,HA2:I200V,SigPep:I4T,SigPep:N9H
A/Townsville/2/2009	Australia	2009-02-11	cell	HA1:I3L,HA1:R33Q,HA1:N45S,HA1:I48T,HA1:G53D,HA1:G62E,HA1:E83K,HA1:R92K,HA1:N94Y,HA1:K121N,HA1:K131T,HA1:G142R,HA1:S144N,HA1:S145N,HA1:S156H,HA1:N158K,HA1:N159F,HA1:I160K,HA1:Q164L,HA1:K171N,HA1:D186G,HA1:K189N,HA1:N190D,HA1:S193F,HA1:F195Y,HA1:S198A,HA1:A212T,HA1:I223V,HA1:D225N,HA1:K278N,HA1:S312N,HA2:V77I,HA2:E155G,HA2:N160D,HA2:M193I,HA2:I200V,SigPep:N9Y
A/Brisbane/281/2011	Australia	2011-07-19	cell	HA1:I3L,HA1:R33Q,HA1:N45S,HA1:I48T,HA1:G53N,HA1:G62E,HA1:E83K,HA1:R92K,HA1:N94H,HA1:K121N,HA1:K131T,HA1:G142R,HA1:S144N,HA1:S145N,HA1:S156H,HA1:N159F,HA1:I160K,HA1:Q164L,HA1:K171N,HA1:D186G,HA1:N190D,HA1:S193F,HA1:F195Y,HA1:S198A,HA1:S199A,HA1:I217V,HA1:I223V,HA1:D225N,HA1:I230V,HA1:K278N,HA1:E280A,HA1:S312N,HA2:V77I,HA2:A101T,HA2:E155G,HA2:N160D,HA2:M193I,HA2:I200V,SigPep:N9Y
A/Perth/552/2010	Australia	2010-08-25	cell	HA1:I3L,HA1:R33Q,HA1:I48T,HA1:G53D,HA1:G62E,HA1:E83K,HA1:R92K,HA1:N94Y,HA1:K121N,HA1:K131T,HA1:G142R,HA1:S144N,HA1:S145N,HA1:S156H,HA1:N159F,HA1:I160K,HA1:Q164L,HA1:K171N,HA1:D186G,HA1:N190D,HA1:S193F,HA1:F195Y,HA1:S198A,HA1:A212T,HA1:I223V,HA1:D225N,HA1:K278N,HA1:S312N,HA2:V77I,HA2:E155G,HA2:N160D,HA2:M193I,HA2:I200V,SigPep:N9Y
A/Perth/315/2011	Australia	2011-12-01	cell	HA1:I3L,HA1:R33Q,HA1:N45S,HA1:I48T,HA1:G53D,HA1:G62E,HA1:E83K,HA1:R92K,HA1:N94Y,HA1:K121N,HA1:N122T,HA1:K131T,HA1:G142R,HA1:S144N,HA1:S156H,HA1:N159F,HA1:I160K,HA1:Q164L,HA1:K171N,HA1:D186G,HA1:N190D,HA1:S193F,HA1:F195Y,HA1:D225N,HA1:K278N,HA2:V77I,HA2:E155G,HA2:D158N,HA2:N160D,HA2:M193I,HA2:I200V,SigPep:N9Y
A/Newcastle/5/2011	Australia	2011-06-14	cell	HA1:I3L,HA1:R33Q,HA1:N45S,HA1:I48T,HA1:G53D,HA1:G62E,HA1:E83K,HA1:R92K,HA1:N94Y,HA1:K121N,HA1:K131T,HA1:G142R,HA1:S144N,HA1:S156H,HA1:N159F,HA1:I160K,HA1:Q164L,HA1:K171N,HA1:D186G,HA1:N190D,HA1:S193F,HA1:F195Y,HA1:D225N,HA1:K278N,HA2:V77I,HA2:E155G,HA2:D158N,HA2:N160D,HA2:M193I,HA2:I200V,SigPep:N9Y
A/HoChiMinh/7218/2010	Vietnam	2010-08-29	unpassaged	HA1:I3L,HA1:D7E,HA1:C14G,HA1:R33Q,HA1:N45S,HA1:I48T,HA1:G53N,HA1:G62E,HA1:G78D,HA1:E83K,HA1:R92K,HA1:N94H,HA1:K121N,HA1:K131T,HA1:G142R,HA1:S144N,HA1:S145N,HA1:S156H,HA1:N159F,HA1:I160K,HA1:Q164L,HA1:K171N,HA1:D186G,HA1:N190D,HA1:S193F,HA1:F195Y,HA1:S198A,HA1:R208K,HA1:I223V,HA1:D225N,HA1:I230V,HA1:K278N,HA1:E280A,HA1:S312N,HA1:T313N,HA2:N60I,HA2:V77I,HA2:D79G,HA2:L80R,HA2:N95I,HA2:A96G,HA2:L98F,HA2:L99I,HA2:L126M,HA2:E155G,HA2:T156I,HA2:N160D,HA2:M193I,HA2:I200V,SigPep:N9Y
A/HoChiMinh/5186/2010	Vietnam	2010-06-27	unpassaged	HA1:I3V,HA1:R33Q,HA1:N45S,HA1:I48T,HA1:G53N,HA1:G62E,HA1:E83K,HA1:R92K,HA1:N94H,HA1:K121N,HA1:K131T,HA1:G142R,HA1:S144N,HA1:S145N,HA1:S156H,HA1:N159F,HA1:I160K,HA1:Q164L,HA1:K171N,HA1:D186G,HA1:N190D,HA1:S193F,HA1:F195Y,HA1:S198A,HA1:R208K,HA1:I223V,HA1:D225N,HA1:I230V,HA1:K278N,HA1:E280A,HA1:S312N,HA1:T318P,HA2:N60I,HA2:K68N,HA2:V77I,HA2:N95I,HA2:E155G,HA2:T156I,HA2:N160D,HA2:M193I,HA2:I200V,SigPep:N9Y
A/Vietnam/HB143/2009	Vietnam	2009-04-29	undetermined	HA1:I3L,HA1:R33Q,HA1:N45S,HA1:I48T,HA1:G53D,HA1:G62E,HA1:E83K,HA1:R92K,HA1:N94H,HA1:K121N,HA1:K131T,HA1:G142R,HA1:S144K,HA1:S145N,HA1:S156H,HA1:N159F,HA1:I160K,HA1:Q164L,HA1:K171N,HA1:D186G,HA1:N190D,HA1:S193F,HA1:F195Y,HA1:S198A,HA1:A212T,HA1:I223V,HA1:D225N,HA1:K278N,HA1:S312N,SigPep:K2R,SigPep:N9Y,SigPep:L13R
A/Hanoi/VN053/2010	Vietnam	2010-XX-XX	undetermined	HA1:I3L,HA1:R33Q,HA1:N45S,HA1:G53N,HA1:G62E,HA1:E83K,HA1:R92K,HA1:N94H,HA1:K121N,HA1:K131T,HA1:G142R,HA1:S144N,HA1:S145N,HA1:S156H,HA1:N159F,HA1:I160K,HA1:Q164L,HA1:K171N,HA1:D186G,HA1:N190D,HA1:S193F,HA1:F195Y,HA1:S198A,HA1:R208K,HA1:I223V,HA1:D225N,HA1:I230V,HA1:K278N,HA1:E280A,HA1:S312N,HA2:V77I,HA2:E155G,HA2:N160D,HA2:M193I,HA2:I200V,SigPep:N9Y
A/Vietnam/225/2010	Vietnam	2010-09-15	cell	HA1:I3L,HA1:R33Q,HA1:N45S,HA1:G53N,HA1:G62E,HA1:E83K,HA1:R92K,HA1:N94H,HA1:K121N,HA1:K131T,HA1:G142R,HA1:S144N,HA1:S145N,HA1:S156H,HA1:N159F,HA1:I160K,HA1:Q164L,HA1:K171N,HA1:D186G,HA1:N190D,HA1:S193F,HA1:F195Y,HA1:S198A,HA1:R201G,HA1:R208K,HA1:I223V,HA1:D225N,HA1:I230V,HA1:K278N,HA1:E280A,HA1:S312N,HA2:V77I,HA2:E155G,HA2:N160D,HA2:M193I,HA2:I200V,SigPep:N9Y
A/HoChiMinh/6127/2010	Vietnam	2010-07-31	unpassaged	HA1:I3L,HA1:R33Q,HA1:N45S,HA1:I48T,HA1:G53N,HA1:G62E,HA1:E83K,HA1:R92K,HA1:N94H,HA1:K121N,HA1:K131T,HA1:G142R,HA1:S144N,HA1:S145N,HA1:S156H,HA1:N159F,HA1:I160K,HA1:Q164L,HA1:K171N,HA1:D186G,HA1:N190D,HA1:S193F,HA1:F195Y,HA1:S198A,HA1:R208K,HA1:I223V,HA1:D225N,HA1:I230V,HA1:K278N,HA1:E280A,HA1:S312N,HA2:S29C,HA2:N60I,HA2:K68N,HA2:V77I,HA2:D79G,HA2:N95I,HA2:L99I,HA2:L126M,HA2:E155G,HA2:T156I,HA2:N160D,HA2:M193I,HA2:I200V,SigPep:N9Y
A/HoChiMinh/6328/2010	Vietnam	2010-08-14	unpassaged	HA1:I3V,HA1:D7E,HA1:R33Q,HA1:N45S,HA1:I48T,HA1:G53N,HA1:G62E,HA1:E83K,HA1:R92K,HA1:N94H,HA1:K121N,HA1:K131T,HA1:G142R,HA1:S144N,HA1:S145N,HA1:S156H,HA1:N159F,HA1:I160K,HA1:Q164L,HA1:K171N,HA1:D186G,HA1:N190D,HA1:S193F,HA1:F195Y,HA1:S198A,HA1:I223V,HA1:D225N,HA1:I230V,HA1:K278N,HA1:E280A,HA1:S312N,HA2:S29C,HA2:N60I,HA2:V77I,HA2:D79G,HA2:A96G,HA2:Q105H,HA2:L126M,HA2:E155G,HA2:T156I,HA2:N160D,HA2:A192T,HA2:M193I,HA2:I200V,SigPep:N9Y
A/Hanam/EL204_H145S02/2009	Vietnam	2009-05-01	cell	HA1:I3L,HA1:R33Q,HA1:N45S,HA1:I48T,HA1:G53D,HA1:G62K,HA1:E83K,HA1:R92K,HA1:N94H,HA1:K121N,HA1:K131T,HA1:G142R,HA1:S144K,HA1:S145N,HA1:S156H,HA1:N159F,HA1:I160K,HA1:Q164L,HA1:K171N,HA1:D186G,HA1:N190D,HA1:S193F,HA1:S198A,HA1:A212T,HA1:I223V,HA1:D225N,HA1:K278N,HA1:S312N,HA2:V77I,HA2:E155G,HA2:N160D,HA2:M193I,HA2:I200V,SigPep:N9Y
A/Hanoi/EL201/2009	Vietnam	2009-XX-XX	cell	HA1:I3L,HA1:R33Q,HA1:N45S,HA1:I48T,HA1:G53D,HA1:G62K,HA1:E83K,HA1:R92K,HA1:N94H,HA1:K121N,HA1:K131T,HA1:G142R,HA1:S144K,HA1:S145N,HA1:S156H,HA1:N159F,HA1:I160K,HA1:Q164L,HA1:K171N,HA1:D186G,HA1:N190D,HA1:S193F,HA1:F195Y,HA1:S198A,HA1:A212T,HA1:I223V,HA1:D225N,HA1:K278N,HA1:S312N,HA2:V77I,HA2:E155G,HA2:N160D,HA2:M193I,HA2:I200V,SigPep:N9Y
A/HoChiMinh/5527/2010	Vietnam	2010-07-15	unpassaged	HA1:I3L,HA1:R33Q,HA1:N45S,HA1:I48T,HA1:G53N,HA1:G62E,HA1:E83K,HA1:R92K,HA1:N94H,HA1:K121N,HA1:K131T,HA1:G142R,HA1:S144N,HA1:S145N,HA1:S156H,HA1:N159F,HA1:I160K,HA1:Q164L,HA1:K171N,HA1:D186G,HA1:N190D,HA1:S193F,HA1:F195Y,HA1:S198A,HA1:R208K,HA1:I223V,HA1:D225N,HA1:I230V,HA1:K278N,HA1:S312N,HA2:N60I,HA2:V77I,HA2:V84I,HA2:E155G,HA2:T156I,HA2:N160D,HA2:M193I,HA2:I200V,HA2:N218I,HA2:I219T,SigPep:N9Y
A/HoChiMinh/5947/2010	Vietnam	2010-07-25	unpassaged	HA1:I3L,HA1:N6D,HA1:R33Q,HA1:N45S,HA1:I48T,HA1:G53N,HA1:G62E,HA1:E83K,HA1:R92K,HA1:N94H,HA1:K121N,HA1:K131T,HA1:G142R,HA1:S144N,HA1:S145N,HA1:S156H,HA1:N159F,HA1:I160K,HA1:Q164L,HA1:K171N,HA1:D186G,HA1:N190D,HA1:S193F,HA1:F195Y,HA1:S198A,HA1:R208K,HA1:I223V,HA1:D225N,HA1:I230V,HA1:K278N,HA1:E280A,HA1:S312N,HA2:N60I,HA2:V77I,HA2:E155G,HA2:N160D,HA2:M193I,HA2:I200V,SigPep:N9Y
A/Vietnam/838/2010	Vietnam	2010-07-28	cell	HA1:I3L,HA1:R33Q,HA1:N45S,HA1:I48T,HA1:G53N,HA1:G62E,HA1:E83K,HA1:R92K,HA1:N94H,HA1:K121N,HA1:K131T,HA1:G142R,HA1:S144N,HA1:S145N,HA1:S156H,HA1:N159F,HA1:I160K,HA1:Q164L,HA1:K171N,HA1:D186G,HA1:N190D,HA1:S193F,HA1:F195Y,HA1:S198A,HA1:R208K,HA1:I223V,HA1:D225N,HA1:I230V,HA1:K278N,HA1:E280A,HA1:S312N,HA2:V77I,HA2:E155G,HA2:N160D,HA2:M193I,HA2:I200V,SigPep:N9Y
A/Hanam/EL443_265S01/2010	Vietnam	2010-09-01	cell	HA1:I3L,HA1:I25L,HA1:R33Q,HA1:N45S,HA1:I48T,HA1:G53N,HA1:G62E,HA1:E83K,HA1:R92K,HA1:N94H,HA1:K121N,HA1:K131T,HA1:G142R,HA1:S144N,HA1:S145N,HA1:S156H,HA1:N159F,HA1:I160K,HA1:Q164L,HA1:K171N,HA1:D186G,HA1:N190D,HA1:S193F,HA1:F195Y,HA1:S198A,HA1:R208K,HA1:I223V,HA1:D225N,HA1:I230V,HA1:K278N,HA1:E280A,HA1:S312N,HA2:V77I,HA2:E155G,HA2:N160D,HA2:M193I,HA2:I200V,SigPep:N9Y
A/Hanoi/EL443/2010	Vietnam	2010-XX-XX	cell	HA1:I3L,HA1:I25L,HA1:R33Q,HA1:N45S,HA1:I48T,HA1:G53N,HA1:G62E,HA1:E83K,HA1:R92K,HA1:N94H,HA1:K121N,HA1:K131T,HA1:G142R,HA1:S144N,HA1:S145N,HA1:S156H,HA1:N159F,HA1:I160K,HA1:Q164L,HA1:K171N,HA1:D186G,HA1:N190D,HA1:S193F,HA1:F195Y,HA1:S198A,HA1:R208K,HA1:I223V,HA1:D225N,HA1:I230V,HA1:K278N,HA1:E280A,HA1:S312N,HA2:V77I,HA2:E155G,HA2:N160D,HA2:M193I,HA2:I200V,SigPep:N9Y
A/Hanoi/EL444/2010	Vietnam	2010-XX-XX	cell	HA1:I3L,HA1:R33Q,HA1:N45S,HA1:I48T,HA1:G53N,HA1:Q57K,HA1:G62E,HA1:E83K,HA1:R92K,HA1:N94H,HA1:K121N,HA1:K131T,HA1:G142R,HA1:S144N,HA1:S145N,HA1:S156H,HA1:N159F,HA1:I160K,HA1:Q164L,HA1:K171N,HA1:D186G,HA1:N190D,HA1:F195Y,HA1:S198A,HA1:I223V,HA1:D225N,HA1:I230V,HA1:K278N,HA1:E280A,HA1:S312N,HA2:V77I,HA2:E155G,HA2:N160D,HA2:M193I,HA2:I200V,SigPep:N9Y
A/HoChiMinh/6528/2010	Vietnam	2010-08-19	unpassaged	HA1:I3L,HA1:R33Q,HA1:N45S,HA1:I48T,HA1:G53N,HA1:G62E,HA1:E83K,HA1:R92K,HA1:N94H,HA1:K121N,HA1:K131T,HA1:G142R,HA1:S144N,HA1:S145N,HA1:S156H,HA1:N159F,HA1:I160K,HA1:Q164L,HA1:K171N,HA1:D186G,HA1:N190D,HA1:S193F,HA1:F195Y,HA1:S198A,HA1:R208K,HA1:I223V,HA1:D225N,HA1:I230V,HA1:K278N,HA1:E280A,HA1:S312N,HA2:S29C,HA2:N60I,HA2:V77I,HA2:D79G,HA2:L126M,HA2:E155G,HA2:T156I,HA2:N160D,HA2:M193I,HA2:I200V,SigPep:N9Y
A/HoChiMinh/7188/2010	Vietnam	2010-08-29	unpassaged	HA1:I3L,HA1:R33Q,HA1:N45S,HA1:I48T,HA1:G53N,HA1:G62E,HA1:E83K,HA1:R92K,HA1:N94H,HA1:K121N,HA1:K131T,HA1:G142R,HA1:S144N,HA1:S145N,HA1:S156H,HA1:N159F,HA1:I160K,HA1:Q164L,HA1:K171N,HA1:D186G,HA1:N190D,HA1:S193F,HA1:F195Y,HA1:S198A,HA1:R208K,HA1:I223V,HA1:D225N,HA1:I230V,HA1:K278N,HA1:E280A,HA1:S312N,HA2:G13V,HA2:S29C,HA2:T41A,HA2:Q47P,HA2:I56M,HA2:N60I,HA2:E61G,HA2:V77I,HA2:A96G,HA2:T107A,HA2:L118V,HA2:E155G,HA2:T156I,HA2:N160D,HA2:D164N,HA2:M193I,HA2:C199S,HA2:I200V,HA2:L202S,HA2:C210Y,SigPep:N9Y,SigPep:I10M
A/HoChiMinh/85410/2010	Vietnam	2010-08-15	unpassaged	HA1:I3L,HA1:R33Q,HA1:N45S,HA1:I48T,HA1:G53N,HA1:G62E,HA1:E83K,HA1:R92K,HA1:N94H,HA1:K121N,HA1:K131T,HA1:G142R,HA1:S144N,HA1:S145N,HA1:S156H,HA1:N159F,HA1:I160K,HA1:Q164L,HA1:K171N,HA1:D186G,HA1:N190D,HA1:S193F,HA1:F195Y,HA1:S198A,HA1:R208K,HA1:I223V,HA1:D225N,HA1:I230V,HA1:K278N,HA1:E280A,HA1:S312N,HA2:S29C,HA2:K39E,HA2:L52M,HA2:I56M,HA2:N60I,HA2:V77I,HA2:D79G,HA2:L80R,HA2:A96G,HA2:A101D,HA2:L118V,HA2:L126M,HA2:E155G,HA2:T156I,HA2:N160D,HA2:L187Q,HA2:A192T,HA2:M193I,HA2:I200V,HA2:A201S,SigPep:N9Y
A/HoChiMinh/5517/2010	Vietnam	2010-07-15	unpassaged	HA1:I3L,HA1:R33Q,HA1:N45S,HA1:I48T,HA1:G53N,HA1:G62E,HA1:E83K,HA1:R92K,HA1:N94H,HA1:K121N,HA1:K131T,HA1:G142R,HA1:S144N,HA1:S145N,HA1:S156H,HA1:N159F,HA1:I160K,HA1:Q164L,HA1:K171N,HA1:D186G,HA1:N190D,HA1:S193F,HA1:F195Y,HA1:S198A,HA1:R208K,HA1:I223V,HA1:D225N,HA1:I230V,HA1:K278N,HA1:E280A,HA1:S312N,HA2:N60I,HA2:V77I,HA2:E155G,HA2:T156I,HA2:N160D,HA2:M193I,HA2:I200V,SigPep:N9Y
A/Vietnam/1770/2009	Vietnam	2009-06-03	cell	HA1:R33Q,HA1:N45S,HA1:I48T,HA1:G53D,HA1:G62K,HA1:E83K,HA1:R92K,HA1:N94Y,HA1:K121N,HA1:K131T,HA1:G142R,HA1:S144K,HA1:S145N,HA1:S156H,HA1:N159F,HA1:I160K,HA1:P162S,HA1:Q164L,HA1:K171N,HA1:D186G,HA1:N190D,HA1:S193F,HA1:F195Y,HA1:S198A,HA1:A212T,HA1:I223V,HA1:D225N,HA1:K278N,HA1:S312N,HA1:E325D,HA2:V77I,HA2:K143R,HA2:E155G,HA2:N160D,HA2:M193I,HA2:I200V,SigPep:N9Y
A/Vietnam/210/2009	Vietnam	2009-06-02	cell	HA1:I3L,HA1:R33Q,HA1:N45S,HA1:I48T,HA1:G53D,HA1:G62K,HA1:E83K,HA1:R92K,HA1:N94H,HA1:K121N,HA1:K131T,HA1:G142R,HA1:S144K,HA1:S145N,HA1:S156H,HA1:N159F,HA1:I160K,HA1:Q164L,HA1:K171N,HA1:D186G,HA1:N190D,HA1:S193F,HA1:F195Y,HA1:S198A,HA1:A212T,HA1:I223V,HA1:D225N,HA1:K278N,HA1:S312N,HA2:V77I,HA2:E155G,HA2:N160D,HA2:M193I,HA2:I200V,SigPep:N9Y
A/Vietnam/312/2009	Vietnam	2009-05-05	cell	HA1:I3L,HA1:R33Q,HA1:N45I,HA1:I48T,HA1:G53D,HA1:G62K,HA1:E83K,HA1:R92K,HA1:N94H,HA1:K121N,HA1:K131T,HA1:G142R,HA1:S144K,HA1:S145N,HA1:S156H,HA1:N159F,HA1:I160K,HA1:Q164L,HA1:K171N,HA1:D186G,HA1:N190D,HA1:S193F,HA1:F195H,HA1:S198A,HA1:A212T,HA1:I223V,HA1:D225N,HA1:K278N,HA1:S312N,HA2:V77I,HA2:E155G,HA2:N160D,HA2:M193I,HA2:I200V,SigPep:N9Y
A/Vietnam/63/2009	Vietnam	2009-05-27	cell	HA1:I3L,HA1:R33Q,HA1:N45S,HA1:I48T,HA1:G53D,HA1:G62K,HA1:L66I,HA1:E83K,HA1:R92K,HA1:N94H,HA1:K121N,HA1:K131T,HA1:G142R,HA1:S144K,HA1:S145N,HA1:S156H,HA1:N159F,HA1:I160K,HA1:Q164L,HA1:K171N,HA1:D186G,HA1:N190D,HA1:S193F,HA1:S198A,HA1:A212T,HA1:I223V,HA1:D225N,HA1:K278N,HA1:S312N,HA2:V77I,HA2:E155G,HA2:N160D,HA2:M193I,HA2:I200V,SigPep:N9Y
A/HoChiMinh/6077/2010	Vietnam	2010-07-27	unpassaged	HA1:I3L,HA1:N6D,HA1:R33Q,HA1:N45S,HA1:I48T,HA1:G53N,HA1:G62E,HA1:E83K,HA1:R92K,HA1:N94H,HA1:K121N,HA1:K131T,HA1:G142R,HA1:S144N,HA1:S145N,HA1:S156H,HA1:N159F,HA1:I160K,HA1:Q164L,HA1:K171N,HA1:D186G,HA1:N190D,HA1:S193F,HA1:F195Y,HA1:S198A,HA1:R208K,HA1:I223V,HA1:D225N,HA1:I230V,HA1:K278N,HA1:E280A,HA1:S312N,HA2:N60I,HA2:V77I,HA2:Q105H,HA2:T107A,HA2:L126M,HA2:H142L,HA2:E155G,HA2:T156I,HA2:N160D,HA2:A192T,HA2:M193E,HA2:I200V,SigPep:N9Y
A/Hanoi/EL442/2010	Vietnam	2010-XX-XX	cell	HA1:I3L,HA1:R33Q,HA1:N45S,HA1:I48T,HA1:G53N,HA1:G62E,HA1:E83K,HA1:R92K,HA1:N94H,HA1:K121N,HA1:K131T,HA1:G142R,HA1:S144N,HA1:S145N,HA1:S156H,HA1:N159F,HA1:I160K,HA1:Q164L,HA1:K171N,HA1:D186G,HA1:N190D,HA1:S193F,HA1:F195Y,HA1:S198A,HA1:I223V,HA1:D225N,HA1:I230V,HA1:K278N,HA1:E280A,HA1:S312N,HA2:V77I,HA2:E155G,HA2:N160D,HA2:M193I,HA2:I200A,SigPep:N9Y
A/Hanoi/EL206/2009	Vietnam	2009-XX-XX	cell	HA1:I3L,HA1:R33Q,HA1:N45S,HA1:I48T,HA1:G53D,HA1:G62K,HA1:E83K,HA1:R92K,HA1:N94H,HA1:K121N,HA1:K131T,HA1:G142R,HA1:S144K,HA1:S145N,HA1:S156H,HA1:N159F,HA1:I160K,HA1:Q164L,HA1:K171N,HA1:D186G,HA1:N190D,HA1:S193F,HA1:F195Y,HA1:S198A,HA1:A212T,HA1:I223V,HA1:D225N,HA1:K278N,HA1:S312N,HA2:V77I,HA2:E155G,HA2:N160D,HA2:M193I,HA2:I200V,SigPep:N9Y
A/Vietnam/N201/2009	Vietnam	2009-05-25	undetermined	HA1:R33Q,HA1:N45S,HA1:I48T,HA1:G53D,HA1:G62K,HA1:E83K,HA1:R92K,HA1:N94H,HA1:K121N,HA1:K131T,HA1:G142R,HA1:S144K,HA1:S145N,HA1:S156H,HA1:N159F,HA1:I160K,HA1:Q164L,HA1:K171N
A/HoChiMinh/6318/2010	Vietnam	2010-08-16	unpassaged	HA1:I3V,HA1:D7E,HA1:R33Q,HA1:N45S,HA1:I48T,HA1:G53N,HA1:G62E,HA1:E83K,HA1:R92K,HA1:N94H,HA1:K121N,HA1:K131T,HA1:G142R,HA1:S144N,HA1:S145N,HA1:S156H,HA1:N159F,HA1:I160K,HA1:Q164L,HA1:K171N,HA1:D186G,HA1:N190D,HA1:S193F,HA1:F195Y,HA1:S198A,HA1:I223V,HA1:D225N,HA1:I230V,HA1:K278N,HA1:E280A,HA1:S312N,HA2:S29C,HA2:N60I,HA2:V77I,HA2:D79G,HA2:L126M,HA2:E155G,HA2:T156I,HA2:N160D,HA2:A192T,HA2:M193I,HA2:I200V,SigPep:N9Y
A/HaNam/EL444/2010	Vietnam	2010-01-01	cell	HA1:I3L,HA1:R33Q,HA1:N45S,HA1:I48T,HA1:G53N,HA1:Q57K,HA1:G62E,HA1:E83K,HA1:R92K,HA1:N94H,HA1:K121N,HA1:K131T,HA1:G142R,HA1:S144N,HA1:S145N,HA1:S156H,HA1:N159F,HA1:I160K,HA1:Q164L,HA1:K171N,HA1:D186G,HA1:N190D,HA1:S193F,HA1:F195Y,HA1:S198A,HA1:I223V,HA1:D225N,HA1:I230V,HA1:K278N,HA1:E280A,HA1:S312N,HA2:V77I,HA2:E155G,HA2:N160D,HA2:M193I,HA2:I200V,SigPep:N9Y
A/HoChiMinh/6388/2010	Vietnam	2010-08-17	unpassaged	HA1:I3L,HA1:R33Q,HA1:N45S,HA1:I48T,HA1:G53N,HA1:G62E,HA1:E83K,HA1:R92K,HA1:N94H,HA1:K121N,HA1:K131T,HA1:G142R,HA1:S144N,HA1:S145N,HA1:S156H,HA1:N159F,HA1:I160K,HA1:Q164L,HA1:K171N,HA1:D186G,HA1:N190D,HA1:S193F,HA1:F195Y,HA1:S198A,HA1:R208K,HA1:I223V,HA1:D225N,HA1:I230V,HA1:K278N,HA1:E280A,HA1:S312N,HA2:N60I,HA2:K68N,HA2:V77I,HA2:L99I,HA2:Q105H,HA2:L126M,HA2:E155G,HA2:T156I,HA2:N160D,HA2:M193I,HA2:L198I,HA2:I200V,HA2:I215L,SigPep:N9Y,SigPep:A16T
A/HoChiMinh/6398/2010	Vietnam	2010-08-17	unpassaged	HA1:I3L,HA1:R33Q,HA1:N45S,HA1:I48T,HA1:G53N,HA1:G62E,HA1:E83K,HA1:R92K,HA1:N94H,HA1:K121N,HA1:K131T,HA1:G142R,HA1:S144N,HA1:S145N,HA1:S156H,HA1:N159F,HA1:I160K,HA1:Q164L,HA1:K171N,HA1:D186G,HA1:N190D,HA1:S193F,HA1:F195Y,HA1:S198A,HA1:R208K,HA1:I223V,HA1:D225N,HA1:I230V,HA1:K278N,HA1:E280A,HA1:S312N,HA2:N60I,HA2:V77I,HA2:Q105H,HA2:L126M,HA2:E155G,HA2:T156I,HA2:N160D,HA2:M193I,HA2:I200V,SigPep:N9Y
A/HaNam/EL201/2009	Vietnam	2009-01-01	cell	HA1:I3L,HA1:R33Q,HA1:N45S,HA1:I48T,HA1:G53D,HA1:G62K,HA1:E83K,HA1:R92K,HA1:N94H,HA1:K121N,HA1:K131T,HA1:G142R,HA1:S144K,HA1:S145N,HA1:S156H,HA1:N159F,HA1:I160K,HA1:Q164L,HA1:K171N,HA1:D186G,HA1:N190D,HA1:S193F,HA1:F195Y,HA1:S198A,HA1:A212T,HA1:I223V,HA1:D225N,HA1:K278N,HA1:S312N,HA2:V77I,HA2:E155G,HA2:N160D,HA2:M193I,HA2:I200V,SigPep:N9Y
A/Hanoi/EL196/2009	Vietnam	2009-XX-XX	cell	HA1:I3L,HA1:R33Q,HA1:N45T,HA1:I48T,HA1:G53D,HA1:I58V,HA1:G62E,HA1:E83K,HA1:R92K,HA1:N94Y,HA1:K121N,HA1:N122K,HA1:K131T,HA1:G142R,HA1:S144N,HA1:S145N,HA1:S156H,HA1:L157S,HA1:N158K,HA1:N159F,HA1:I160K,HA1:Q164L,HA1:K171N,HA1:D186G,HA1:K189N,HA1:N190D,HA1:S193F,HA1:F195Y,HA1:S198A,HA1:A212T,HA1:I223V,HA1:D225N,HA1:R261Q,HA1:K278N,HA1:S312N,HA2:V77I,HA2:E155G,HA2:N160D,HA2:M193I,HA2:I200V,SigPep:N9Y
A/HoChiMinh/4596/2010	Vietnam	2010-06-15	unpassaged	HA1:I3F,HA1:T10M,HA1:I25M,HA1:R33Q,HA1:N45S,HA1:I48T,HA1:E50G,HA1:G53N,HA1:E83K,HA1:R92K,HA1:N94Y,HA1:L111I,HA1:K121N,HA1:K131T,HA1:T135K,HA1:S137A,HA1:A138S,HA1:I140K,HA1:S144D,HA1:S145N,HA1:S156H,HA1:N159Y,HA1:I160K,HA1:Q164L,HA1:N165K,HA1:K171N,HA1:Q173K,HA1:D186G,HA1:D188Y,HA1:K189N,HA1:N190D,HA1:F195Y,HA1:S198A,HA1:R201I,HA1:S209N,HA1:A212T,HA1:I223V,HA1:R261Q,HA1:K278N,HA1:S312N,HA2:R32M,HA2:D46N,HA2:N60I,HA2:V77I,HA2:N116D,HA2:K121R,HA2:L126M,HA2:E155G,HA2:T156I,HA2:H159R,HA2:N160D,HA2:V161I,HA2:N168S,HA2:S180A,HA2:M193I,HA2:I200V,HA2:A201V,HA2:I215L,SigPep:N9Y
A/HoChiMinh/6608/2010	Vietnam	2010-08-22	unpassaged	HA1:I3L,HA1:R33Q,HA1:N45S,HA1:I48T,HA1:G53N,HA1:G62E,HA1:E83K,HA1:R92K,HA1:N94H,HA1:K121N,HA1:K131T,HA1:G142R,HA1:S144N,HA1:S145N,HA1:S156H,HA1:N159F,HA1:I160K,HA1:Q164L,HA1:K171N,HA1:D186G,HA1:N190D,HA1:S193F,HA1:F195Y,HA1:S198A,HA1:R208K,HA1:I223V,HA1:D225N,HA1:I230V,HA1:K278N,HA1:E280A,HA1:S312N,HA2:G13V,HA2:Y22F,HA2:N28I,HA2:S29C,HA2:D37G,HA2:K39E,HA2:L52M,HA2:I56M,HA2:N60I,HA2:E61G,HA2:E67V,HA2:K68N,HA2:V77I,HA2:N95I,HA2:A96G,HA2:Q105H,HA2:T107A,HA2:L126M,HA2:E155G,HA2:T156I,HA2:H159R,HA2:N160D,HA2:Q172H,HA2:L187I,HA2:F191S,HA2:A192T,HA2:M193E,HA2:I200V,HA2:C217S,SigPep:N9Y
A/Hanoi/BS332/2012	Vietnam	2009-10-14	cell	HA1:I3L,HA1:G53D,HA1:G62E,HA1:E83K,HA1:R92K,HA1:N94Y,HA1:K121N,HA1:K131T,HA1:G142R,HA1:S144N,HA1:S145N,HA1:S156H,HA1:L157F,HA1:N159F,HA1:I160K,HA1:Q164L,HA1:K171N,HA1:D186G,HA1:N190D,HA1:S193F,HA1:F195Y,HA1:D225N,HA2:V77I,HA2:E155G,HA2:N160D,HA2:M193I,HA2:I200V,SigPep:N9Y
A/HoChiMinh/7228/2010	Vietnam	2010-08-29	unpassaged	HA1:I3L,HA1:N8S,HA1:A11G,HA1:R33Q,HA1:N45S,HA1:I48T,HA1:G53N,HA1:S54R,HA1:G62E,HA1:E83K,HA1:R92K,HA1:N94H,HA1:K121N,HA1:K131T,HA1:G142R,HA1:S144N,HA1:S145N,HA1:R150I,HA1:S156H,HA1:N159F,HA1:I160K,HA1:Q164L,HA1:K171N,HA1:D186G,HA1:N190D,HA1:S193F,HA1:F195Y,HA1:S198A,HA1:R208K,HA1:I223V,HA1:D225N,HA1:I230V,HA1:D241E,HA1:K278Y,HA1:E280A,HA1:S312H,HA1:T313P,HA2:N28I,HA2:S29C,HA2:N60I,HA2:G75W,HA2:V77I,HA2:D79G,HA2:I89V,HA2:A96G,HA2:L99I,HA2:Q105H,HA2:L126M,HA2:H142L,HA2:E155G,HA2:T156I,HA2:N160D,HA2:A192T,HA2:M193E,HA2:C199S,HA2:I200V,SigPep:N9Y
A/Vietnam/167/2010	Vietnam	2010-02-08	cell	HA1:I3L,HA1:R33Q,HA1:N45S,HA1:I48T,HA1:G53N,HA1:G62E,HA1:E83K,HA1:R92K,HA1:N94H,HA1:K121N,HA1:K131T,HA1:A138S,HA1:G142R,HA1:S144N,HA1:S145N,HA1:S156H,HA1:N159F,HA1:I160K,HA1:Q164L,HA1:K171N,HA1:D186G,HA1:N190D,HA1:S193F,HA1:F195Y,HA1:S198A,HA1:I223V,HA1:D225N,HA1:I230V,HA1:K278N,HA1:E280A,HA1:S312N,HA2:V77I,HA2:E155G,HA2:N160D,HA2:M193I,HA2:I200V,SigPep:N9Y
A/Vietnam/1769/2009	Vietnam	2009-06-03	cell	HA1:R33Q,HA1:N45S,HA1:I48T,HA1:G53D,HA1:G62K,HA1:E83K,HA1:R92K,HA1:N94Y,HA1:K121N,HA1:K131T,HA1:G142R,HA1:S144K,HA1:S145N,HA1:S156H,HA1:N159F,HA1:I160K,HA1:P162S,HA1:Q164L,HA1:K171N,HA1:D186G,HA1:N190D,HA1:S193F,HA1:F195Y,HA1:S198A,HA1:A212T,HA1:I223V,HA1:K278N,HA1:S312N,HA1:E325D,HA2:V77I,HA2:K143R,HA2:E155G,HA2:N160D,HA2:M193I,HA2:I200V,SigPep:N9Y
A/Hanam/EL206_107S06/2009	Vietnam	2009-06-01	cell	HA1:I3L,HA1:R33Q,HA1:N45S,HA1:I48T,HA1:G53D,HA1:G62K,HA1:E83K,HA1:R92K,HA1:N94H,HA1:K121N,HA1:K131T,HA1:G142R,HA1:S144K,HA1:S145N,HA1:S156H,HA1:N159F,HA1:I160K,HA1:Q164L,HA1:K171N,HA1:D186G,HA1:N190D,HA1:S193F,HA1:F195Y,HA1:S198A,HA1:A212T,HA1:I223V,HA1:D225N,HA1:K278N,HA1:S312N,HA2:V77I,HA2:E155G,HA2:N160D,HA2:M193I,HA2:I200V,SigPep:N9Y
A/Hanam/EL196/2009	Vietnam	2009-04-01	cell	HA1:I3L,HA1:R33Q,HA1:N45T,HA1:I48T,HA1:G53D,HA1:I58V,HA1:G62E,HA1:E83K,HA1:R92K,HA1:N94Y,HA1:K121N,HA1:N122K,HA1:K131T,HA1:G142R,HA1:S144N,HA1:S145N,HA1:S156H,HA1:L157S,HA1:N158K,HA1:N159F,HA1:I160K,HA1:Q164L,HA1:K171N,HA1:D186G,HA1:K189N,HA1:N190D,HA1:S193F,HA1:F195Y,HA1:S198A,HA1:A212T,HA1:I223V,HA1:D225N,HA1:R261Q,HA1:K278N,HA1:S312N,HA2:V77I,HA2:E155G,HA2:N160D,HA2:M193I,HA2:I200V,SigPep:N9Y
A/Vietnam/2153/2009	Vietnam	2009-07-29	cell	HA1:I3L,HA1:R33Q,HA1:N45S,HA1:I48T,HA1:G53D,HA1:G62K,HA1:E83K,HA1:R92K,HA1:N94Y,HA1:K121N,HA1:K131T,HA1:G142R,HA1:S144K,HA1:S145N,HA1:S156H,HA1:N159F,HA1:I160K,HA1:Q164L,HA1:K171N,HA1:D186G,HA1:N190D,HA1:S193F,HA1:F195Y,HA1:S198A,HA1:A212T,HA1:I223V,HA1:D225N,HA1:I260M,HA1:R261Q,HA1:K278N,HA1:S312N,HA2:V77I,HA2:E155G,HA2:N160D,HA2:G181E,HA2:M193I,HA2:I200V,SigPep:N9Y
A/HoChiMinh/5677/2010	Vietnam	2010-07-17	unpassaged	HA1:I3L,HA1:N6D,HA1:R33Q,HA1:N45S,HA1:I48T,HA1:G53N,HA1:G62E,HA1:E83K,HA1:R92K,HA1:N94H,HA1:K121N,HA1:K131T,HA1:G142R,HA1:S144N,HA1:S145N,HA1:S156H,HA1:N159F,HA1:I160K,HA1:Q164L,HA1:K171N,HA1:D186G,HA1:N190D,HA1:S193F,HA1:F195Y,HA1:S198A,HA1:R208K,HA1:I223V,HA1:D225N,HA1:I230V,HA1:K278N,HA1:E280A,HA1:S312N,HA2:N60I,HA2:V77I,HA2:E155G,HA2:N160D,HA2:M193I,HA2:I200V,SigPep:N9Y
A/Hanoi/EL204/2009	Vietnam	2009-XX-XX	cell	HA1:I3L,HA1:R33Q,HA1:N45S,HA1:I48T,HA1:G53D,HA1:G62K,HA1:E83K,HA1:R92K,HA1:N94H,HA1:K121N,HA1:K131T,HA1:G142R,HA1:S144K,HA1:S145N,HA1:S156H,HA1:N159F,HA1:I160K,HA1:Q164L,HA1:K171N,HA1:D186G,HA1:N190D,HA1:S193F,HA1:S198A,HA1:A212T,HA1:I223V,HA1:D225N,HA1:K278N,HA1:S312N,HA2:V77I,HA2:E155G,HA2:N160D,HA2:M193I,HA2:I200V,SigPep:N9Y
A/Vietnam/302/2009	Vietnam	2009-06-02	cell	HA1:I3L,HA1:R33Q,HA1:N45S,HA1:I48T,HA1:G53D,HA1:G62K,HA1:E83K,HA1:R92K,HA1:N94H,HA1:K121N,HA1:K131T,HA1:G142R,HA1:S144K,HA1:S145N,HA1:S156H,HA1:N159F,HA1:I160K,HA1:Q164L,HA1:K171N,HA1:D186G,HA1:N190D,HA1:S193F,HA1:S198A,HA1:A212T,HA1:I223V,HA1:D225N,HA1:K278N,HA1:S312N,HA2:V77I,HA2:E155G,HA2:N160D,HA2:M193I,HA2:I200V,SigPep:N9Y
A/HoChiMinh/5897/2010	Vietnam	2010-07-24	unpassaged	HA1:R33Q,HA1:N45S,HA1:I48T,HA1:G53N,HA1:G62E,HA1:E83K,HA1:R92K,HA1:N94H,HA1:K121N,HA1:K131T,HA1:G142R,HA1:S144N,HA1:S145N,HA1:S156H,HA1:N159F,HA1:I160K,HA1:Q164L,HA1:K171N,HA1:D186G,HA1:N190D,HA1:S193F,HA1:F195Y,HA1:S198A,HA1:R208K,HA1:I223V,HA1:D225N,HA1:I230V,HA1:K278N,HA1:E280A,HA1:S312N,HA2:N60I,HA2:V77I,HA2:E155G,HA2:T156I,HA2:N160D,HA2:M193I,HA2:I200V,SigPep:N9Y
A/Vietnam/409/2009	Vietnam	2009-07-07	cell	HA1:I3L,HA1:R33Q,HA1:N45S,HA1:I48T,HA1:G53D,HA1:I58V,HA1:G62E,HA1:E83K,HA1:R92K,HA1:N94Y,HA1:K121N,HA1:N122K,HA1:K131T,HA1:G142R,HA1:S144N,HA1:S145N,HA1:S156H,HA1:L157S,HA1:N158K,HA1:N159F,HA1:I160K,HA1:Q164L,HA1:K171N,HA1:D186G,HA1:K189N,HA1:N190D,HA1:S193F,HA1:F195Y,HA1:S198A,HA1:A212T,HA1:I223V,HA1:D225N,HA1:R261Q,HA1:K278N,HA1:S312N,HA2:V77I,HA2:E155G,HA2:N160D,HA2:M193I,HA2:L198I,HA2:I200V,SigPep:N9Y
A/Hanam/EL442_150S01/2010	Vietnam	2010-09-01	cell	HA1:I3L,HA1:R33Q,HA1:N45S,HA1:I48T,HA1:G53N,HA1:G62E,HA1:E83K,HA1:R92K,HA1:N94H,HA1:K121N,HA1:K131T,HA1:G142R,HA1:S144N,HA1:S145N,HA1:S156H,HA1:N159F,HA1:I160K,HA1:Q164L,HA1:K171N,HA1:D186G,HA1:N190D,HA1:S193F,HA1:F195Y,HA1:S198A,HA1:I223V,HA1:D225N,HA1:I230V,HA1:K278N,HA1:E280A,HA1:S312N,HA2:V77I,HA2:E155G,HA2:N160D,HA2:M193I,HA2:I200A,SigPep:N9Y
A/Vietnam/936/2009	Vietnam	2009-05-05	cell	HA1:I3L,HA1:D7N,HA1:R33Q,HA1:N45S,HA1:I48T,HA1:G53D,HA1:G62E,HA1:E83K,HA1:R92K,HA1:N94Y,HA1:K121N,HA1:K131T,HA1:G142R,HA1:S144N,HA1:S145N,HA1:S156H,HA1:L157S,HA1:N158K,HA1:N159F,HA1:I160K,HA1:Q164L,HA1:K171N,HA1:D186G,HA1:K189N,HA1:N190D,HA1:S193F,HA1:F195Y,HA1:S198A,HA1:A212T,HA1:I223V,HA1:D225N,HA1:K278N,HA1:S312N,HA2:V77I,HA2:E155G,HA2:N160D,HA2:M193I,HA2:I200V,SigPep:N9Y
A/HoChiMinh/6117/2010	Vietnam	2010-07-30	unpassaged	HA1:I3L,HA1:R33Q,HA1:N45S,HA1:I48T,HA1:G53N,HA1:G62E,HA1:E83K,HA1:R92K,HA1:N94H,HA1:K121N,HA1:K131T,HA1:G142R,HA1:S144N,HA1:S145N,HA1:S156H,HA1:N159F,HA1:I160K,HA1:Q164L,HA1:K171N,HA1:D186G,HA1:N190D,HA1:S193F,HA1:F195Y,HA1:S198A,HA1:R208K,HA1:I223V,HA1:D225N,HA1:I230V,HA1:K278N,HA1:E280A,HA1:S312N,HA2:N60I,HA2:K68N,HA2:V77I,HA2:N95I,HA2:A96G,HA2:E155G,HA2:T156I,HA2:N160D,HA2:M193I,HA2:I200V,SigPep:N9Y
A/Vietnam/941/2009	Vietnam	2009-05-25	cell	HA1:I3L,HA1:R33Q,HA1:N45S,HA1:I48T,HA1:G53D,HA1:I58V,HA1:G62E,HA1:E83K,HA1:R92K,HA1:N94Y,HA1:K121N,HA1:N122K,HA1:K131T,HA1:G142R,HA1:S144N,HA1:S145N,HA1:S156H,HA1:L157S,HA1:N158K,HA1:N159F,HA1:I160K,HA1:A163S,HA1:Q164L,HA1:K171N,HA1:D186G,HA1:K189N,HA1:N190D,HA1:S193F,HA1:F195Y,HA1:A196T,HA1:S198A,HA1:A212T,HA1:I223V,HA1:D225N,HA1:R261Q,HA1:K278N,HA1:S312N,HA2:V77I,HA2:E155G,HA2:N160D,HA2:M193I,HA2:I200V,SigPep:N9Y
A/Vietnam/HN31812/2009	Vietnam	2009-06-16	undetermined	HA1:I3L,HA1:R33Q,HA1:N45S,HA1:I48T,HA1:G53D,HA1:G62E,HA1:E83K,HA1:R92K,HA1:N94Y,HA1:K121N,HA1:N122K,HA1:K131T,HA1:G142R,HA1:S144N,HA1:S145N,HA1:S156H,HA1:L157S,HA1:N158K,HA1:N159F,HA1:I160K,HA1:Q164L,HA1:K171N,HA1:D186G,HA1:N190D,HA1:S193F,HA1:F195Y,HA1:S198A,HA1:A212T,HA1:I223V,HA1:D225N,HA1:K278N,HA1:S312N,SigPep:N9Y
A/Vietnam/HN31959/2009	Vietnam	2009-07-07	undetermined	HA1:I3L,HA1:R33Q,HA1:N45S,HA1:I48T,HA1:G53D,HA1:G62K,HA1:E83K,HA1:R92K,HA1:N94H,HA1:K121N,HA1:K131T,HA1:G142R,HA1:S144K,HA1:S145N,HA1:S156H,HA1:N159F,HA1:I160K,HA1:Q164L,HA1:K171N,HA1:D186G,HA1:N190D,HA1:S193F,HA1:F195Y,HA1:S198A,HA1:A212T,HA1:I223V,HA1:D225N,HA1:K278N,HA1:S312N,SigPep:K2R,SigPep:N9Y,SigPep:L13R
A/HoChiMinh/6268/2010	Vietnam	2010-08-10	unpassaged	HA1:I3L,HA1:R33Q,HA1:N45S,HA1:I48T,HA1:G53N,HA1:G62E,HA1:E83K,HA1:R92K,HA1:N94H,HA1:K121N,HA1:K131T,HA1:G142R,HA1:S144N,HA1:S145N,HA1:S156H,HA1:N159F,HA1:I160K,HA1:Q164L,HA1:K171N,HA1:D186G,HA1:N190D,HA1:S193F,HA1:F195Y,HA1:S198A,HA1:I223V,HA1:D225N,HA1:I230V,HA1:K278N,HA1:E280A,HA1:S312N,HA2:S29C,HA2:I56M,HA2:T59S,HA2:N60I,HA2:K68N,HA2:V77I,HA2:D79G,HA2:A96G,HA2:L99I,HA2:T107A,HA2:L126M,HA2:H142L,HA2:E155G,HA2:T156I,HA2:N160D,HA2:A192T,HA2:M193I,HA2:I200V,HA2:C210R,SigPep:N9Y
A/Vietnam/N199/2009	Vietnam	2009-05-22	cell	HA1:I3L,HA1:R33Q,HA1:N45S,HA1:I48T,HA1:G53D,HA1:G62E,HA1:E83K,HA1:R92K,HA1:N94Y,HA1:K121N,HA1:K131T,HA1:G142R,HA1:S144N,HA1:S145N,HA1:S156H,HA1:L157S,HA1:N158K,HA1:N159F,HA1:I160K,HA1:Q164L,HA1:K171N,HA1:D186G,HA1:K189N,HA1:N190D,HA1:S193F,HA1:F195Y,HA1:S198A,HA1:A212T,HA1:I223V,HA1:D225N,HA1:K264R,HA1:K278N,HA1:S312N,HA2:V77I,HA2:E155G,HA2:N160D,HA2:M193I,HA2:I200V,SigPep:N9Y
