date,virus_batch,library,sample_type,antibody,antibody_concentration,replicate,fastq_R1,exclude_after_counts,notes,neut_standard_name
221021,1,libA,antibody,1C04,0.8,1,/fh/fast/bloom_j/SR/ngs/illumina/fwelsh/221021_VH00699_219_AACFW7FM5/Unaligned/Project_fwelsh/1C04_c1_S1_R1_001.fastq.gz,,,H6
221021,1,libA,antibody,1C04,0.4,1,/fh/fast/bloom_j/SR/ngs/illumina/fwelsh/221021_VH00699_219_AACFW7FM5/Unaligned/Project_fwelsh/1C04_c2_S2_R1_001.fastq.gz,,,H6
221021,1,libA,antibody,1C04,0.2,1,/fh/fast/bloom_j/SR/ngs/illumina/fwelsh/221021_VH00699_219_AACFW7FM5/Unaligned/Project_fwelsh/1C04_c3_S3_R1_001.fastq.gz,,,H6
221021,1,libA,antibody,1C04,0.1,1,/fh/fast/bloom_j/SR/ngs/illumina/fwelsh/221021_VH00699_219_AACFW7FM5/Unaligned/Project_fwelsh/1C04_c4_S4_R1_001.fastq.gz,,,H6
221021,1,libA,antibody,1C04,0.05,1,/fh/fast/bloom_j/SR/ngs/illumina/fwelsh/221021_VH00699_219_AACFW7FM5/Unaligned/Project_fwelsh/1C04_c5_S5_R1_001.fastq.gz,yes,,H6
221021,1,libA,antibody,5G04,24,1,/fh/fast/bloom_j/SR/ngs/illumina/fwelsh/221021_VH00699_219_AACFW7FM5/Unaligned/Project_fwelsh/5G04_c1_S6_R1_001.fastq.gz,,,H6
221021,1,libA,antibody,5G04,12,1,/fh/fast/bloom_j/SR/ngs/illumina/fwelsh/221021_VH00699_219_AACFW7FM5/Unaligned/Project_fwelsh/5G04_c2_S7_R1_001.fastq.gz,,,H6
221021,1,libA,antibody,5G04,6,1,/fh/fast/bloom_j/SR/ngs/illumina/fwelsh/221021_VH00699_219_AACFW7FM5/Unaligned/Project_fwelsh/5G04_c3_S8_R1_001.fastq.gz,,,H6
221021,1,libA,antibody,5G04,3,1,/fh/fast/bloom_j/SR/ngs/illumina/fwelsh/221021_VH00699_219_AACFW7FM5/Unaligned/Project_fwelsh/5G04_c4_S9_R1_001.fastq.gz,,,H6
221021,1,libA,antibody,5G04,1.5,1,/fh/fast/bloom_j/SR/ngs/illumina/fwelsh/221021_VH00699_219_AACFW7FM5/Unaligned/Project_fwelsh/5G04_c5_S10_R1_001.fastq.gz,yes,,H6
221021,1,libA,no-antibody_control,,,1,/fh/fast/bloom_j/SR/ngs/illumina/fwelsh/221021_VH00699_219_AACFW7FM5/Unaligned/Project_fwelsh/no-Ab_S23_R1_001.fastq.gz,,,H6
221027,1,libA,antibody,3x-1C04_5G04,22,1,/fh/fast/bloom_j/SR/ngs/illumina/fwelsh/221027_VH01189_20_AAC7KHTM5/Unaligned/Project_fwelsh/cocktail_4x_S14_R1_001.fastq.gz,yes,,H6
221027,1,libA,antibody,3x-1C04_5G04,14.67,1,/fh/fast/bloom_j/SR/ngs/illumina/fwelsh/221027_VH01189_20_AAC7KHTM5/Unaligned/Project_fwelsh/cocktail_2-6x_S15_R1_001.fastq.gz,yes,,H6
221027,1,libA,antibody,3x-1C04_5G04,9.78,1,/fh/fast/bloom_j/SR/ngs/illumina/fwelsh/221027_VH01189_20_AAC7KHTM5/Unaligned/Project_fwelsh/cocktail_1-7x_S16_R1_001.fastq.gz,yes,,H6
221027,1,libA,antibody,3x-1C04_5G04,6.52,1,/fh/fast/bloom_j/SR/ngs/illumina/fwelsh/221027_VH01189_20_AAC7KHTM5/Unaligned/Project_fwelsh/cocktail_1-2x_S17_R1_001.fastq.gz,yes,,H6
221027,1,libA,antibody,3x-1C04_5G04,4.35,1,/fh/fast/bloom_j/SR/ngs/illumina/fwelsh/221027_VH01189_20_AAC7KHTM5/Unaligned/Project_fwelsh/cocktail_0-8x_S18_R1_001.fastq.gz,yes,,H6
221027,1,libA,antibody,3x-1C04_5G04,2.9,1,/fh/fast/bloom_j/SR/ngs/illumina/fwelsh/221027_VH01189_20_AAC7KHTM5/Unaligned/Project_fwelsh/cocktail_0-5x_S19_R1_001.fastq.gz,yes,,H6
221027,1,libA,antibody,3x-1C04_5G04,1.93,1,/fh/fast/bloom_j/SR/ngs/illumina/fwelsh/221027_VH01189_20_AAC7KHTM5/Unaligned/Project_fwelsh/cocktail_0-4x_S20_R1_001.fastq.gz,yes,,H6
221027,1,libA,antibody,AUSAB-13,0.00752,1,/fh/fast/bloom_j/SR/ngs/illumina/fwelsh/221027_VH01189_20_AAC7KHTM5/Unaligned/Project_fwelsh/ser13_4x_S7_R1_001.fastq.gz,,,H6
221027,1,libA,antibody,AUSAB-13,0.00501333,1,/fh/fast/bloom_j/SR/ngs/illumina/fwelsh/221027_VH01189_20_AAC7KHTM5/Unaligned/Project_fwelsh/ser13_2-6x_S8_R1_001.fastq.gz,,,H6
221027,1,libA,antibody,AUSAB-13,0.00334222,1,/fh/fast/bloom_j/SR/ngs/illumina/fwelsh/221027_VH01189_20_AAC7KHTM5/Unaligned/Project_fwelsh/ser13_1-7x_S9_R1_001.fastq.gz,,,H6
221027,1,libA,antibody,AUSAB-13,0.00222815,1,/fh/fast/bloom_j/SR/ngs/illumina/fwelsh/221027_VH01189_20_AAC7KHTM5/Unaligned/Project_fwelsh/ser13_1-2x_S10_R1_001.fastq.gz,,,H6
221027,1,libA,antibody,AUSAB-13,0.00148543,1,/fh/fast/bloom_j/SR/ngs/illumina/fwelsh/221027_VH01189_20_AAC7KHTM5/Unaligned/Project_fwelsh/ser13_0-8x_S11_R1_001.fastq.gz,,,H6
221027,1,libA,antibody,AUSAB-13,0.00099029,1,/fh/fast/bloom_j/SR/ngs/illumina/fwelsh/221027_VH01189_20_AAC7KHTM5/Unaligned/Project_fwelsh/ser13_0-5x_S12_R1_001.fastq.gz,,,H6
221027,1,libA,antibody,AUSAB-13,0.00066019,1,/fh/fast/bloom_j/SR/ngs/illumina/fwelsh/221027_VH01189_20_AAC7KHTM5/Unaligned/Project_fwelsh/ser13_0-4x_S13_R1_001.fastq.gz,,,H6
221027,1,libA,no-antibody_control,,,1,/fh/fast/bloom_j/SR/ngs/illumina/fwelsh/221027_VH01189_20_AAC7KHTM5/Unaligned/Project_fwelsh/no-Ab_1_S21_R1_001.fastq.gz;/fh/fast/bloom_j/SR/ngs/illumina/fwelsh/221027_VH01189_20_AAC7KHTM5/Unaligned/Project_fwelsh/no-Ab_2_S22_R1_001.fastq.gz;/fh/fast/bloom_j/SR/ngs/illumina/fwelsh/221027_VH01189_20_AAC7KHTM5/Unaligned/Project_fwelsh/no-Ab_3_S23_R1_001.fastq.gz,,,H6
221108,1,libA,antibody,1C04-5G04,10.4,1,/fh/fast/bloom_j/SR/ngs/illumina/fwelsh/221107_VH00319_293_AAC7KLNM5/Unaligned/Project_fwelsh/libA_1-1_c1_S1_R1_001.fastq.gz,yes,,H6
221108,1,libA,antibody,1C04-5G04,6.93,1,/fh/fast/bloom_j/SR/ngs/illumina/fwelsh/221107_VH00319_293_AAC7KLNM5/Unaligned/Project_fwelsh/libA_1-1_c2_S2_R1_001.fastq.gz,,,H6
221108,1,libA,antibody,1C04-5G04,4.62,1,/fh/fast/bloom_j/SR/ngs/illumina/fwelsh/221107_VH00319_293_AAC7KLNM5/Unaligned/Project_fwelsh/libA_1-1_c3_S3_R1_001.fastq.gz,,,H6
221108,1,libA,antibody,1C04-5G04,3.08,1,/fh/fast/bloom_j/SR/ngs/illumina/fwelsh/221107_VH00319_293_AAC7KLNM5/Unaligned/Project_fwelsh/libA_1-1_c4_S4_R1_001.fastq.gz,,,H6
221108,1,libA,antibody,1C04-5G04,2.05,1,/fh/fast/bloom_j/SR/ngs/illumina/fwelsh/221107_VH00319_293_AAC7KLNM5/Unaligned/Project_fwelsh/libA_1-1_c5_S5_R1_001.fastq.gz,,,H6
221108,1,libA,antibody,1C04-5G04,1.37,1,/fh/fast/bloom_j/SR/ngs/illumina/fwelsh/221107_VH00319_293_AAC7KLNM5/Unaligned/Project_fwelsh/libA_1-1_c6_S6_R1_001.fastq.gz,,,H6
221108,1,libB,antibody,1C04-5G04,10.4,1,/fh/fast/bloom_j/SR/ngs/illumina/fwelsh/221107_VH00319_293_AAC7KLNM5/Unaligned/Project_fwelsh/libB_1-1_c1_S7_R1_001.fastq.gz,yes,,H6
221108,1,libB,antibody,1C04-5G04,6.93,1,/fh/fast/bloom_j/SR/ngs/illumina/fwelsh/221107_VH00319_293_AAC7KLNM5/Unaligned/Project_fwelsh/libB_1-1_c2_S8_R1_001.fastq.gz,yes,,H6
221108,1,libB,antibody,1C04-5G04,4.62,1,/fh/fast/bloom_j/SR/ngs/illumina/fwelsh/221107_VH00319_293_AAC7KLNM5/Unaligned/Project_fwelsh/libB_1-1_c3_S9_R1_001.fastq.gz,yes,,H6
221108,1,libB,antibody,1C04-5G04,3.08,1,/fh/fast/bloom_j/SR/ngs/illumina/fwelsh/221107_VH00319_293_AAC7KLNM5/Unaligned/Project_fwelsh/libB_1-1_c4_S10_R1_001.fastq.gz,yes,,H6
221108,1,libB,antibody,1C04-5G04,2.05,1,/fh/fast/bloom_j/SR/ngs/illumina/fwelsh/221107_VH00319_293_AAC7KLNM5/Unaligned/Project_fwelsh/libB_1-1_c5_S11_R1_001.fastq.gz,yes,,H6
221108,1,libB,antibody,1C04-5G04,1.37,1,/fh/fast/bloom_j/SR/ngs/illumina/fwelsh/221107_VH00319_293_AAC7KLNM5/Unaligned/Project_fwelsh/libB_1-1_c6_S12_R1_001.fastq.gz,yes,,H6
221108,1,libB,antibody,3x-1C04_5G04,9.78,1,/fh/fast/bloom_j/SR/ngs/illumina/fwelsh/221107_VH00319_293_AAC7KLNM5/Unaligned/Project_fwelsh/libB_3-1_c1_S13_R1_001.fastq.gz,yes,,H6
221108,1,libB,antibody,3x-1C04_5G04,6.52,1,/fh/fast/bloom_j/SR/ngs/illumina/fwelsh/221107_VH00319_293_AAC7KLNM5/Unaligned/Project_fwelsh/libB_3-1_c2_S14_R1_001.fastq.gz,yes,,H6
221108,1,libB,antibody,3x-1C04_5G04,4.35,1,/fh/fast/bloom_j/SR/ngs/illumina/fwelsh/221107_VH00319_293_AAC7KLNM5/Unaligned/Project_fwelsh/libB_3-1_c3_S15_R1_001.fastq.gz,yes,,H6
221108,1,libB,antibody,3x-1C04_5G04,2.9,1,/fh/fast/bloom_j/SR/ngs/illumina/fwelsh/221107_VH00319_293_AAC7KLNM5/Unaligned/Project_fwelsh/libB_3-1_c4_S16_R1_001.fastq.gz,yes,,H6
221108,1,libB,antibody,3x-1C04_5G04,1.93,1,/fh/fast/bloom_j/SR/ngs/illumina/fwelsh/221107_VH00319_293_AAC7KLNM5/Unaligned/Project_fwelsh/libB_3-1_c5_S17_R1_001.fastq.gz,yes,,H6
221108,1,libB,antibody,3x-1C04_5G04,1.29,1,/fh/fast/bloom_j/SR/ngs/illumina/fwelsh/221107_VH00319_293_AAC7KLNM5/Unaligned/Project_fwelsh/libB_3-1_c6_S18_R1_001.fastq.gz,yes,,H6
221108,1,libB,antibody,3x-1C04_5G04,0.86,1,/fh/fast/bloom_j/SR/ngs/illumina/fwelsh/221107_VH00319_293_AAC7KLNM5/Unaligned/Project_fwelsh/libB_3-1_c7_S19_R1_001.fastq.gz,yes,,H6
221108,1,libB,antibody,AUSAB-13,0.00752,1,/fh/fast/bloom_j/SR/ngs/illumina/fwelsh/221107_VH00319_293_AAC7KLNM5/Unaligned/Project_fwelsh/libB_ser13_c1_S20_R1_001.fastq.gz,,,H6
221108,1,libB,antibody,AUSAB-13,0.00501333,1,/fh/fast/bloom_j/SR/ngs/illumina/fwelsh/221107_VH00319_293_AAC7KLNM5/Unaligned/Project_fwelsh/libB_ser13_c2_S21_R1_001.fastq.gz,,,H6
221108,1,libB,antibody,AUSAB-13,0.00334222,1,/fh/fast/bloom_j/SR/ngs/illumina/fwelsh/221107_VH00319_293_AAC7KLNM5/Unaligned/Project_fwelsh/libB_ser13_c3_S22_R1_001.fastq.gz,,,H6
221108,1,libB,antibody,AUSAB-13,0.00222815,1,/fh/fast/bloom_j/SR/ngs/illumina/fwelsh/221107_VH00319_293_AAC7KLNM5/Unaligned/Project_fwelsh/libB_ser13_c4_S23_R1_001.fastq.gz,,,H6
221108,1,libB,antibody,AUSAB-13,0.00148543,1,/fh/fast/bloom_j/SR/ngs/illumina/fwelsh/221107_VH00319_293_AAC7KLNM5/Unaligned/Project_fwelsh/libB_ser13_c5_S24_R1_001.fastq.gz,,,H6
221108,1,libB,antibody,AUSAB-13,0.00099029,1,/fh/fast/bloom_j/SR/ngs/illumina/fwelsh/221107_VH00319_293_AAC7KLNM5/Unaligned/Project_fwelsh/libB_ser13_c6_S25_R1_001.fastq.gz,,,H6
221108,1,libB,antibody,AUSAB-13,0.00066019,1,/fh/fast/bloom_j/SR/ngs/illumina/fwelsh/221107_VH00319_293_AAC7KLNM5/Unaligned/Project_fwelsh/libB_ser13_c7_S26_R1_001.fastq.gz,yes,,H6
221108,1,libA,no-antibody_control,,,1,/fh/fast/bloom_j/SR/ngs/illumina/fwelsh/221107_VH00319_293_AAC7KLNM5/Unaligned/Project_fwelsh/libA_no-Ab_1_S27_R1_001.fastq.gz;/fh/fast/bloom_j/SR/ngs/illumina/fwelsh/221107_VH00319_293_AAC7KLNM5/Unaligned/Project_fwelsh/libA_no-Ab_2_S28_R1_001.fastq.gz,,,H6
221108,1,libB,no-antibody_control,,,1,/fh/fast/bloom_j/SR/ngs/illumina/fwelsh/221107_VH00319_293_AAC7KLNM5/Unaligned/Project_fwelsh/libB_no-Ab_1_S29_R1_001.fastq.gz;/fh/fast/bloom_j/SR/ngs/illumina/fwelsh/221107_VH00319_293_AAC7KLNM5/Unaligned/Project_fwelsh/libB_no-Ab_2_S30_R1_001.fastq.gz,,,H6
221223,1,libA,antibody,AUSAB-05,0.056,1,/fh/fast/bloom_j/SR/ngs/illumina/fwelsh/221222_VH00699_240_AACH7JTM5/Unaligned/Project_fwelsh/ser05_c1_S1_R1_001.fastq.gz,yes,,H6
221223,1,libA,antibody,AUSAB-05,0.037333333,1,/fh/fast/bloom_j/SR/ngs/illumina/fwelsh/221222_VH00699_240_AACH7JTM5/Unaligned/Project_fwelsh/ser05_c2_S2_R1_001.fastq.gz,yes,,H6
221223,1,libA,antibody,AUSAB-05,0.024888889,1,/fh/fast/bloom_j/SR/ngs/illumina/fwelsh/221222_VH00699_240_AACH7JTM5/Unaligned/Project_fwelsh/ser05_c3_S3_R1_001.fastq.gz,yes,,H6
221223,1,libA,antibody,AUSAB-05,0.016592593,1,/fh/fast/bloom_j/SR/ngs/illumina/fwelsh/221222_VH00699_240_AACH7JTM5/Unaligned/Project_fwelsh/ser05_c4_S4_R1_001.fastq.gz,yes,,H6
221223,1,libA,antibody,AUSAB-05,0.011061729,1,/fh/fast/bloom_j/SR/ngs/illumina/fwelsh/221222_VH00699_240_AACH7JTM5/Unaligned/Project_fwelsh/ser05_c5_S5_R1_001.fastq.gz,,,H6
221223,1,libA,antibody,AUSAB-05,0.007374486,1,/fh/fast/bloom_j/SR/ngs/illumina/fwelsh/221222_VH00699_240_AACH7JTM5/Unaligned/Project_fwelsh/ser05_c6_S6_R1_001.fastq.gz,,,H6
221223,1,libA,antibody,AUSAB-05,0.004916324,1,/fh/fast/bloom_j/SR/ngs/illumina/fwelsh/221222_VH00699_240_AACH7JTM5/Unaligned/Project_fwelsh/ser05_c7_S7_R1_001.fastq.gz,yes,,H6
221223,1,libA,antibody,AUSAB-07,0.00776,1,/fh/fast/bloom_j/SR/ngs/illumina/fwelsh/221222_VH00699_240_AACH7JTM5/Unaligned/Project_fwelsh/ser07_c1_S8_R1_001.fastq.gz,yes,,H6
221223,1,libA,antibody,AUSAB-07,0.005173333,1,/fh/fast/bloom_j/SR/ngs/illumina/fwelsh/221222_VH00699_240_AACH7JTM5/Unaligned/Project_fwelsh/ser07_c2_S9_R1_001.fastq.gz,yes,,H6
221223,1,libA,antibody,AUSAB-07,0.003448889,1,/fh/fast/bloom_j/SR/ngs/illumina/fwelsh/221222_VH00699_240_AACH7JTM5/Unaligned/Project_fwelsh/ser07_c3_S10_R1_001.fastq.gz,,,H6
221223,1,libA,antibody,AUSAB-07,0.002299259,1,/fh/fast/bloom_j/SR/ngs/illumina/fwelsh/221222_VH00699_240_AACH7JTM5/Unaligned/Project_fwelsh/ser07_c4_S11_R1_001.fastq.gz,,,H6
221223,1,libA,antibody,AUSAB-07,0.00153284,1,/fh/fast/bloom_j/SR/ngs/illumina/fwelsh/221222_VH00699_240_AACH7JTM5/Unaligned/Project_fwelsh/ser07_c5_S12_R1_001.fastq.gz,,,H6
221223,1,libA,antibody,AUSAB-07,0.001021893,1,/fh/fast/bloom_j/SR/ngs/illumina/fwelsh/221222_VH00699_240_AACH7JTM5/Unaligned/Project_fwelsh/ser07_c6_S13_R1_001.fastq.gz,,,H6
221223,1,libA,antibody,AUSAB-07,0.000681262,1,/fh/fast/bloom_j/SR/ngs/illumina/fwelsh/221222_VH00699_240_AACH7JTM5/Unaligned/Project_fwelsh/ser07_c7_S14_R1_001.fastq.gz,yes,,H6
221223,1,libA,antibody,AUSAB-11,0.0338,1,/fh/fast/bloom_j/SR/ngs/illumina/fwelsh/221222_VH00699_240_AACH7JTM5/Unaligned/Project_fwelsh/ser11_c1_S15_R1_001.fastq.gz,yes,,H6
221223,1,libA,antibody,AUSAB-11,0.022533333,1,/fh/fast/bloom_j/SR/ngs/illumina/fwelsh/221222_VH00699_240_AACH7JTM5/Unaligned/Project_fwelsh/ser11_c2_S16_R1_001.fastq.gz,yes,,H6
221223,1,libA,antibody,AUSAB-11,0.015022222,1,/fh/fast/bloom_j/SR/ngs/illumina/fwelsh/221222_VH00699_240_AACH7JTM5/Unaligned/Project_fwelsh/ser11_c3_S17_R1_001.fastq.gz,,,H6
221223,1,libA,antibody,AUSAB-11,0.010014815,1,/fh/fast/bloom_j/SR/ngs/illumina/fwelsh/221222_VH00699_240_AACH7JTM5/Unaligned/Project_fwelsh/ser11_c4_S18_R1_001.fastq.gz,,,H6
221223,1,libA,antibody,AUSAB-11,0.006676543,1,/fh/fast/bloom_j/SR/ngs/illumina/fwelsh/221222_VH00699_240_AACH7JTM5/Unaligned/Project_fwelsh/ser11_c5_S19_R1_001.fastq.gz,,,H6
221223,1,libA,antibody,AUSAB-11,0.004451029,1,/fh/fast/bloom_j/SR/ngs/illumina/fwelsh/221222_VH00699_240_AACH7JTM5/Unaligned/Project_fwelsh/ser11_c6_S20_R1_001.fastq.gz,yes,,H6
221223,1,libA,antibody,AUSAB-11,0.002967353,1,/fh/fast/bloom_j/SR/ngs/illumina/fwelsh/221222_VH00699_240_AACH7JTM5/Unaligned/Project_fwelsh/ser11_c7_S21_R1_001.fastq.gz,yes,,H6
221223,1,libA,no-antibody_control,,,1,/fh/fast/bloom_j/SR/ngs/illumina/fwelsh/221222_VH00699_240_AACH7JTM5/Unaligned/Project_fwelsh/no-Ab_1_S22_R1_001.fastq.gz;/fh/fast/bloom_j/SR/ngs/illumina/fwelsh/221222_VH00699_240_AACH7JTM5/Unaligned/Project_fwelsh/no-Ab_2_S23_R1_001.fastq.gz;/fh/fast/bloom_j/SR/ngs/illumina/fwelsh/221222_VH00699_240_AACH7JTM5/Unaligned/Project_fwelsh/no-Ab_3_S24_R1_001.fastq.gz,,,H6
230118,1,libB,antibody,1C04-5G04,10,1,/fh/fast/bloom_j/SR/ngs/illumina/fwelsh/230117_VH00319_310_AACH7JVM5/Unaligned/Project_fwelsh/1C04-5G04_c1_S1_R1_001.fastq.gz,yes,,H6
230118,1,libB,antibody,1C04-5G04,6.666666667,1,/fh/fast/bloom_j/SR/ngs/illumina/fwelsh/230117_VH00319_310_AACH7JVM5/Unaligned/Project_fwelsh/1C04-5G04_c2_S2_R1_001.fastq.gz,,,H6
230118,1,libB,antibody,1C04-5G04,4.444444444,1,/fh/fast/bloom_j/SR/ngs/illumina/fwelsh/230117_VH00319_310_AACH7JVM5/Unaligned/Project_fwelsh/1C04-5G04_c3_S3_R1_001.fastq.gz,,,H6
230118,1,libB,antibody,1C04-5G04,2.962962963,1,/fh/fast/bloom_j/SR/ngs/illumina/fwelsh/230117_VH00319_310_AACH7JVM5/Unaligned/Project_fwelsh/1C04-5G04_c4_S4_R1_001.fastq.gz,,,H6
230118,1,libB,antibody,1C04-5G04,1.975308642,1,/fh/fast/bloom_j/SR/ngs/illumina/fwelsh/230117_VH00319_310_AACH7JVM5/Unaligned/Project_fwelsh/1C04-5G04_c5_S5_R1_001.fastq.gz,,,H6
230118,1,libB,antibody,1C04-5G04,1.316872428,1,/fh/fast/bloom_j/SR/ngs/illumina/fwelsh/230117_VH00319_310_AACH7JVM5/Unaligned/Project_fwelsh/1C04-5G04_c6_S6_R1_001.fastq.gz,,,H6
230118,1,libB,antibody,1C04,0.675,1,/fh/fast/bloom_j/SR/ngs/illumina/fwelsh/230117_VH00319_310_AACH7JVM5/Unaligned/Project_fwelsh/1C04_c1_S7_R1_001.fastq.gz,,,H6
230118,1,libB,antibody,1C04,0.45,1,/fh/fast/bloom_j/SR/ngs/illumina/fwelsh/230117_VH00319_310_AACH7JVM5/Unaligned/Project_fwelsh/1C04_c2_S8_R1_001.fastq.gz,,,H6
230118,1,libB,antibody,1C04,0.3,1,/fh/fast/bloom_j/SR/ngs/illumina/fwelsh/230117_VH00319_310_AACH7JVM5/Unaligned/Project_fwelsh/1C04_c3_S9_R1_001.fastq.gz,,,H6
230118,1,libB,antibody,1C04,0.2,1,/fh/fast/bloom_j/SR/ngs/illumina/fwelsh/230117_VH00319_310_AACH7JVM5/Unaligned/Project_fwelsh/1C04_c4_S10_R1_001.fastq.gz,,,H6
230118,1,libB,antibody,1C04,0.133333333,1,/fh/fast/bloom_j/SR/ngs/illumina/fwelsh/230117_VH00319_310_AACH7JVM5/Unaligned/Project_fwelsh/1C04_c5_S11_R1_001.fastq.gz,,,H6
230118,1,libB,antibody,5G04,16.875,1,/fh/fast/bloom_j/SR/ngs/illumina/fwelsh/230117_VH00319_310_AACH7JVM5/Unaligned/Project_fwelsh/5G04_c1_S12_R1_001.fastq.gz,yes,,H6
230118,1,libB,antibody,5G04,11.25,1,/fh/fast/bloom_j/SR/ngs/illumina/fwelsh/230117_VH00319_310_AACH7JVM5/Unaligned/Project_fwelsh/5G04_c2_S13_R1_001.fastq.gz,,,H6
230118,1,libB,antibody,5G04,7.5,1,/fh/fast/bloom_j/SR/ngs/illumina/fwelsh/230117_VH00319_310_AACH7JVM5/Unaligned/Project_fwelsh/5G04_c3_S14_R1_001.fastq.gz,,,H6
230118,1,libB,antibody,5G04,5,1,/fh/fast/bloom_j/SR/ngs/illumina/fwelsh/230117_VH00319_310_AACH7JVM5/Unaligned/Project_fwelsh/5G04_c4_S15_R1_001.fastq.gz,,,H6
230118,1,libB,antibody,5G04,3.333333333,1,/fh/fast/bloom_j/SR/ngs/illumina/fwelsh/230117_VH00319_310_AACH7JVM5/Unaligned/Project_fwelsh/5G04_c5_S16_R1_001.fastq.gz,,,H6
230118,1,libB,antibody,AUSAB-13,0.0065,1,/fh/fast/bloom_j/SR/ngs/illumina/fwelsh/230117_VH00319_310_AACH7JVM5/Unaligned/Project_fwelsh/AUSAB-13_c1_S17_R1_001.fastq.gz,yes,,H6
230118,1,libB,antibody,AUSAB-13,0.004333333,1,/fh/fast/bloom_j/SR/ngs/illumina/fwelsh/230117_VH00319_310_AACH7JVM5/Unaligned/Project_fwelsh/AUSAB-13_c2_S18_R1_001.fastq.gz,,,H6
230118,1,libB,antibody,AUSAB-13,0.002888889,1,/fh/fast/bloom_j/SR/ngs/illumina/fwelsh/230117_VH00319_310_AACH7JVM5/Unaligned/Project_fwelsh/AUSAB-13_c3_S19_R1_001.fastq.gz,,,H6
230118,1,libB,antibody,AUSAB-13,0.001925926,1,/fh/fast/bloom_j/SR/ngs/illumina/fwelsh/230117_VH00319_310_AACH7JVM5/Unaligned/Project_fwelsh/AUSAB-13_c4_S20_R1_001.fastq.gz,,,H6
230118,1,libB,antibody,AUSAB-13,0.001283951,1,/fh/fast/bloom_j/SR/ngs/illumina/fwelsh/230117_VH00319_310_AACH7JVM5/Unaligned/Project_fwelsh/AUSAB-13_c5_S21_R1_001.fastq.gz,,,H6
230118,1,libB,antibody,AUSAB-13,0.000855967,1,/fh/fast/bloom_j/SR/ngs/illumina/fwelsh/230117_VH00319_310_AACH7JVM5/Unaligned/Project_fwelsh/AUSAB-13_c6_S22_R1_001.fastq.gz,,,H6
230118,1,libB,antibody,AUSAB-13,0.000570645,1,/fh/fast/bloom_j/SR/ngs/illumina/fwelsh/230117_VH00319_310_AACH7JVM5/Unaligned/Project_fwelsh/AUSAB-13_c7_S23_R1_001.fastq.gz,,,H6
230118,1,libB,no-antibody_control,,,1,/fh/fast/bloom_j/SR/ngs/illumina/fwelsh/230117_VH00319_310_AACH7JVM5/Unaligned/Project_fwelsh/no-Ab_1_S24_R1_001.fastq.gz;/fh/fast/bloom_j/SR/ngs/illumina/fwelsh/230117_VH00319_310_AACH7JVM5/Unaligned/Project_fwelsh/no-Ab_2_S25_R1_001.fastq.gz;/fh/fast/bloom_j/SR/ngs/illumina/fwelsh/230117_VH00319_310_AACH7JVM5/Unaligned/Project_fwelsh/no-Ab_3_S26_R1_001.fastq.gz,,,H6
230126,1,libB,antibody,AUSAB-05,0.032,1,/fh/fast/bloom_j/SR/ngs/illumina/fwelsh/230126_VH00699_256_AACJTHKM5/Unaligned/Project_fwelsh/AUSAB-05_c1_S1_R1_001.fastq.gz,yes,,H6
230126,1,libB,antibody,AUSAB-05,0.021333333,1,/fh/fast/bloom_j/SR/ngs/illumina/fwelsh/230126_VH00699_256_AACJTHKM5/Unaligned/Project_fwelsh/AUSAB-05_c2_S2_R1_001.fastq.gz,yes,,H6
230126,1,libB,antibody,AUSAB-05,0.014222222,1,/fh/fast/bloom_j/SR/ngs/illumina/fwelsh/230126_VH00699_256_AACJTHKM5/Unaligned/Project_fwelsh/AUSAB-05_c3_S3_R1_001.fastq.gz,yes,,H6
230126,1,libB,antibody,AUSAB-05,0.009481481,1,/fh/fast/bloom_j/SR/ngs/illumina/fwelsh/230126_VH00699_256_AACJTHKM5/Unaligned/Project_fwelsh/AUSAB-05_c4_S4_R1_001.fastq.gz,,,H6
230126,1,libB,antibody,AUSAB-05,0.006320988,1,/fh/fast/bloom_j/SR/ngs/illumina/fwelsh/230126_VH00699_256_AACJTHKM5/Unaligned/Project_fwelsh/AUSAB-05_c5_S5_R1_001.fastq.gz,,,H6
230126,1,libB,antibody,AUSAB-05,0.004213992,1,/fh/fast/bloom_j/SR/ngs/illumina/fwelsh/230126_VH00699_256_AACJTHKM5/Unaligned/Project_fwelsh/AUSAB-05_c6_S6_R1_001.fastq.gz,yes,,H6
230126,1,libB,antibody,AUSAB-05,0.002809328,1,/fh/fast/bloom_j/SR/ngs/illumina/fwelsh/230126_VH00699_256_AACJTHKM5/Unaligned/Project_fwelsh/AUSAB-05_c7_S7_R1_001.fastq.gz,yes,,H6
230126,1,libB,antibody,AUSAB-07,0.00776,1,/fh/fast/bloom_j/SR/ngs/illumina/fwelsh/230126_VH00699_256_AACJTHKM5/Unaligned/Project_fwelsh/AUSAB-07_c1_S8_R1_001.fastq.gz,yes,,H6
230126,1,libB,antibody,AUSAB-07,0.005173333,1,/fh/fast/bloom_j/SR/ngs/illumina/fwelsh/230126_VH00699_256_AACJTHKM5/Unaligned/Project_fwelsh/AUSAB-07_c2_S9_R1_001.fastq.gz,,,H6
230126,1,libB,antibody,AUSAB-07,0.003448889,1,/fh/fast/bloom_j/SR/ngs/illumina/fwelsh/230126_VH00699_256_AACJTHKM5/Unaligned/Project_fwelsh/AUSAB-07_c3_S10_R1_001.fastq.gz,,,H6
230126,1,libB,antibody,AUSAB-07,0.002299259,1,/fh/fast/bloom_j/SR/ngs/illumina/fwelsh/230126_VH00699_256_AACJTHKM5/Unaligned/Project_fwelsh/AUSAB-07_c4_S11_R1_001.fastq.gz,,,H6
230126,1,libB,antibody,AUSAB-07,0.00153284,1,/fh/fast/bloom_j/SR/ngs/illumina/fwelsh/230126_VH00699_256_AACJTHKM5/Unaligned/Project_fwelsh/AUSAB-07_c5_S12_R1_001.fastq.gz,,,H6
230126,1,libB,antibody,AUSAB-07,0.001021893,1,/fh/fast/bloom_j/SR/ngs/illumina/fwelsh/230126_VH00699_256_AACJTHKM5/Unaligned/Project_fwelsh/AUSAB-07_c6_S13_R1_001.fastq.gz,,,H6
230126,1,libB,antibody,AUSAB-07,0.000681262,1,/fh/fast/bloom_j/SR/ngs/illumina/fwelsh/230126_VH00699_256_AACJTHKM5/Unaligned/Project_fwelsh/AUSAB-07_c7_S14_R1_001.fastq.gz,yes,,H6
230126,1,libB,antibody,AUSAB-11,0.0225,1,/fh/fast/bloom_j/SR/ngs/illumina/fwelsh/230126_VH00699_256_AACJTHKM5/Unaligned/Project_fwelsh/AUSAB-11_c1_S15_R1_001.fastq.gz,yes,,H6
230126,1,libB,antibody,AUSAB-11,0.015,1,/fh/fast/bloom_j/SR/ngs/illumina/fwelsh/230126_VH00699_256_AACJTHKM5/Unaligned/Project_fwelsh/AUSAB-11_c2_S16_R1_001.fastq.gz,,,H6
230126,1,libB,antibody,AUSAB-11,0.01,1,/fh/fast/bloom_j/SR/ngs/illumina/fwelsh/230126_VH00699_256_AACJTHKM5/Unaligned/Project_fwelsh/AUSAB-11_c3_S17_R1_001.fastq.gz,,,H6
230126,1,libB,antibody,AUSAB-11,0.006666667,1,/fh/fast/bloom_j/SR/ngs/illumina/fwelsh/230126_VH00699_256_AACJTHKM5/Unaligned/Project_fwelsh/AUSAB-11_c4_S18_R1_001.fastq.gz,,,H6
230126,1,libB,antibody,AUSAB-11,0.004444444,1,/fh/fast/bloom_j/SR/ngs/illumina/fwelsh/230126_VH00699_256_AACJTHKM5/Unaligned/Project_fwelsh/AUSAB-11_c5_S19_R1_001.fastq.gz,yes,,H6
230126,1,libB,antibody,AUSAB-11,0.002962963,1,/fh/fast/bloom_j/SR/ngs/illumina/fwelsh/230126_VH00699_256_AACJTHKM5/Unaligned/Project_fwelsh/AUSAB-11_c6_S20_R1_001.fastq.gz,yes,,H6
230126,1,libB,no-antibody_control,,,1,/fh/fast/bloom_j/SR/ngs/illumina/fwelsh/230126_VH00699_256_AACJTHKM5/Unaligned/Project_fwelsh/no-Ab_1_S21_R1_001.fastq.gz;/fh/fast/bloom_j/SR/ngs/illumina/fwelsh/230126_VH00699_256_AACJTHKM5/Unaligned/Project_fwelsh/no-Ab_2_S22_R1_001.fastq.gz;/fh/fast/bloom_j/SR/ngs/illumina/fwelsh/230126_VH00699_256_AACJTHKM5/Unaligned/Project_fwelsh/no-Ab_3_S23_R1_001.fastq.gz,,,H6
230221,1,libA,antibody,2323,0.028125,1,/fh/fast/bloom_j/SR/ngs/illumina/fwelsh/230221_VH00699_267_AACLVYHM5/Unaligned/Project_fwelsh/2323_c1_S1_R1_001.fastq.gz,,,H6
230221,1,libA,antibody,2323,0.01875,1,/fh/fast/bloom_j/SR/ngs/illumina/fwelsh/230221_VH00699_267_AACLVYHM5/Unaligned/Project_fwelsh/2323_c2_S2_R1_001.fastq.gz,,,H6
230221,1,libA,antibody,2323,0.0125,1,/fh/fast/bloom_j/SR/ngs/illumina/fwelsh/230221_VH00699_267_AACLVYHM5/Unaligned/Project_fwelsh/2323_c3_S3_R1_001.fastq.gz,,,H6
230221,1,libA,antibody,2323,0.008375,1,/fh/fast/bloom_j/SR/ngs/illumina/fwelsh/230221_VH00699_267_AACLVYHM5/Unaligned/Project_fwelsh/2323_c4_S4_R1_001.fastq.gz,,,H6
230221,1,libA,antibody,2367,0.00272,1,/fh/fast/bloom_j/SR/ngs/illumina/fwelsh/230221_VH00699_267_AACLVYHM5/Unaligned/Project_fwelsh/2367_c1_S5_R1_001.fastq.gz,,,H6
230221,1,libA,antibody,2367,0.00136,1,/fh/fast/bloom_j/SR/ngs/illumina/fwelsh/230221_VH00699_267_AACLVYHM5/Unaligned/Project_fwelsh/2367_c2_S6_R1_001.fastq.gz,,,H6
230221,1,libA,antibody,2367,0.00068,1,/fh/fast/bloom_j/SR/ngs/illumina/fwelsh/230221_VH00699_267_AACLVYHM5/Unaligned/Project_fwelsh/2367_c3_S7_R1_001.fastq.gz,,,H6
230221,1,libA,antibody,2367,0.00034,1,/fh/fast/bloom_j/SR/ngs/illumina/fwelsh/230221_VH00699_267_AACLVYHM5/Unaligned/Project_fwelsh/2367_c4_S8_R1_001.fastq.gz,,,H6
230221,1,libA,antibody,2389,0.04091175,1,/fh/fast/bloom_j/SR/ngs/illumina/fwelsh/230221_VH00699_267_AACLVYHM5/Unaligned/Project_fwelsh/2389_c1_S9_R1_001.fastq.gz,,,H6
230221,1,libA,antibody,2389,0.0272745,1,/fh/fast/bloom_j/SR/ngs/illumina/fwelsh/230221_VH00699_267_AACLVYHM5/Unaligned/Project_fwelsh/2389_c2_S10_R1_001.fastq.gz,,,H6
230221,1,libA,antibody,2389,0.018183,1,/fh/fast/bloom_j/SR/ngs/illumina/fwelsh/230221_VH00699_267_AACLVYHM5/Unaligned/Project_fwelsh/2389_c3_S11_R1_001.fastq.gz,,,H6
230221,1,libA,antibody,2389,0.012122,1,/fh/fast/bloom_j/SR/ngs/illumina/fwelsh/230221_VH00699_267_AACLVYHM5/Unaligned/Project_fwelsh/2389_c4_S12_R1_001.fastq.gz,,,H6
230221,1,libA,antibody,2462,0.0364545,1,/fh/fast/bloom_j/SR/ngs/illumina/fwelsh/230221_VH00699_267_AACLVYHM5/Unaligned/Project_fwelsh/2462_c1_S13_R1_001.fastq.gz,,,H6
230221,1,libA,antibody,2462,0.024303,1,/fh/fast/bloom_j/SR/ngs/illumina/fwelsh/230221_VH00699_267_AACLVYHM5/Unaligned/Project_fwelsh/2462_c2_S14_R1_001.fastq.gz,yes,,H6
230221,1,libA,antibody,2462,0.016202,1,/fh/fast/bloom_j/SR/ngs/illumina/fwelsh/230221_VH00699_267_AACLVYHM5/Unaligned/Project_fwelsh/2462_c3_S15_R1_001.fastq.gz,,,H6
230221,1,libA,antibody,2462,0.010801333,1,/fh/fast/bloom_j/SR/ngs/illumina/fwelsh/230221_VH00699_267_AACLVYHM5/Unaligned/Project_fwelsh/2462_c4_S16_R1_001.fastq.gz,,,H6
230221,1,libA,antibody,3944,0.004272,1,/fh/fast/bloom_j/SR/ngs/illumina/fwelsh/230221_VH00699_267_AACLVYHM5/Unaligned/Project_fwelsh/3944_c1_S17_R1_001.fastq.gz,,,H6
230221,1,libA,antibody,3944,0.002136,1,/fh/fast/bloom_j/SR/ngs/illumina/fwelsh/230221_VH00699_267_AACLVYHM5/Unaligned/Project_fwelsh/3944_c2_S18_R1_001.fastq.gz,,,H6
230221,1,libA,antibody,3944,0.001068,1,/fh/fast/bloom_j/SR/ngs/illumina/fwelsh/230221_VH00699_267_AACLVYHM5/Unaligned/Project_fwelsh/3944_c3_S19_R1_001.fastq.gz,,,H6
230221,1,libA,antibody,3944,0.000534,1,/fh/fast/bloom_j/SR/ngs/illumina/fwelsh/230221_VH00699_267_AACLVYHM5/Unaligned/Project_fwelsh/3944_c4_S20_R1_001.fastq.gz,,,H6
230221,1,libA,no-antibody_control,,,1,/fh/fast/bloom_j/SR/ngs/illumina/fwelsh/230221_VH00699_267_AACLVYHM5/Unaligned/Project_fwelsh/no-Ab_1_S21_R1_001.fastq.gz;/fh/fast/bloom_j/SR/ngs/illumina/fwelsh/230221_VH00699_267_AACLVYHM5/Unaligned/Project_fwelsh/no-Ab_2_S22_R1_001.fastq.gz;/fh/fast/bloom_j/SR/ngs/illumina/fwelsh/230221_VH00699_267_AACLVYHM5/Unaligned/Project_fwelsh/no-Ab_3_S23_R1_001.fastq.gz,,,H6
230312,1,libA,antibody,2367,0.00272,1,/fh/fast/bloom_j/SR/ngs/illumina/fwelsh/230310_VH00699_277_AACKH5YM5/Unaligned/Project_fwelsh/2367_ctrl-1_c1_S1_R1_001.fastq.gz,yes,5ng spike-in,RNA_spike-in
230312,1,libA,antibody,2367,0.00136,1,/fh/fast/bloom_j/SR/ngs/illumina/fwelsh/230310_VH00699_277_AACKH5YM5/Unaligned/Project_fwelsh/2367_ctrl-1_c2_S2_R1_001.fastq.gz,yes,5ng spike-in,RNA_spike-in
230312,1,libA,antibody,2367,0.00068,1,/fh/fast/bloom_j/SR/ngs/illumina/fwelsh/230310_VH00699_277_AACKH5YM5/Unaligned/Project_fwelsh/2367_ctrl-1_c3_S3_R1_001.fastq.gz,yes,5ng spike-in,RNA_spike-in
230312,1,libA,antibody,2367,0.00034,1,/fh/fast/bloom_j/SR/ngs/illumina/fwelsh/230310_VH00699_277_AACKH5YM5/Unaligned/Project_fwelsh/2367_ctrl-1_c4_S4_R1_001.fastq.gz,yes,5ng spike-in,RNA_spike-in
230312,1,libA,no-antibody_control,,,1,/fh/fast/bloom_j/SR/ngs/illumina/fwelsh/230310_VH00699_277_AACKH5YM5/Unaligned/Project_fwelsh/no-Ab_ctrl-1_1_S17_R1_001.fastq.gz;/fh/fast/bloom_j/SR/ngs/illumina/fwelsh/230310_VH00699_277_AACKH5YM5/Unaligned/Project_fwelsh/no-Ab_ctrl-1_2_S18_R1_001.fastq.gz,yes,5ng spike-in,RNA_spike-in
230312,1,libA,antibody,2367,0.00272,2,/fh/fast/bloom_j/SR/ngs/illumina/fwelsh/230310_VH00699_277_AACKH5YM5/Unaligned/Project_fwelsh/2367_ctrl-2_c1_S5_R1_001.fastq.gz,yes,0.5ng spike-in,RNA_spike-in
230312,1,libA,antibody,2367,0.00136,2,/fh/fast/bloom_j/SR/ngs/illumina/fwelsh/230310_VH00699_277_AACKH5YM5/Unaligned/Project_fwelsh/2367_ctrl-2_c2_S6_R1_001.fastq.gz,yes,0.5ng spike-in,RNA_spike-in
230312,1,libA,antibody,2367,0.00068,2,/fh/fast/bloom_j/SR/ngs/illumina/fwelsh/230310_VH00699_277_AACKH5YM5/Unaligned/Project_fwelsh/2367_ctrl-2_c3_S7_R1_001.fastq.gz,yes,0.5ng spike-in,RNA_spike-in
230312,1,libA,antibody,2367,0.00034,2,/fh/fast/bloom_j/SR/ngs/illumina/fwelsh/230310_VH00699_277_AACKH5YM5/Unaligned/Project_fwelsh/2367_ctrl-2_c4_S8_R1_001.fastq.gz,yes,0.5ng spike-in,RNA_spike-in
230312,1,libA,no-antibody_control,,,2,/fh/fast/bloom_j/SR/ngs/illumina/fwelsh/230310_VH00699_277_AACKH5YM5/Unaligned/Project_fwelsh/no-Ab_ctrl-2_1_S19_R1_001.fastq.gz;/fh/fast/bloom_j/SR/ngs/illumina/fwelsh/230310_VH00699_277_AACKH5YM5/Unaligned/Project_fwelsh/no-Ab_ctrl-2_2_S20_R1_001.fastq.gz,yes,0.5ng spike-in,RNA_spike-in
230312,1,libA,antibody,2367,0.00272,3,/fh/fast/bloom_j/SR/ngs/illumina/fwelsh/230310_VH00699_277_AACKH5YM5/Unaligned/Project_fwelsh/2367_ctrl-3_c1_S9_R1_001.fastq.gz,yes,0.05ng spike-in,RNA_spike-in
230312,1,libA,antibody,2367,0.00136,3,/fh/fast/bloom_j/SR/ngs/illumina/fwelsh/230310_VH00699_277_AACKH5YM5/Unaligned/Project_fwelsh/2367_ctrl-3_c2_S10_R1_001.fastq.gz,yes,0.05ng spike-in,RNA_spike-in
230312,1,libA,antibody,2367,0.00068,3,/fh/fast/bloom_j/SR/ngs/illumina/fwelsh/230310_VH00699_277_AACKH5YM5/Unaligned/Project_fwelsh/2367_ctrl-3_c3_S11_R1_001.fastq.gz,yes,0.05ng spike-in,RNA_spike-in
230312,1,libA,antibody,2367,0.00034,3,/fh/fast/bloom_j/SR/ngs/illumina/fwelsh/230310_VH00699_277_AACKH5YM5/Unaligned/Project_fwelsh/2367_ctrl-3_c4_S12_R1_001.fastq.gz,yes,0.05ng spike-in,RNA_spike-in
230312,1,libA,no-antibody_control,,,3,/fh/fast/bloom_j/SR/ngs/illumina/fwelsh/230310_VH00699_277_AACKH5YM5/Unaligned/Project_fwelsh/no-Ab_ctrl-3_1_S21_R1_001.fastq.gz;/fh/fast/bloom_j/SR/ngs/illumina/fwelsh/230310_VH00699_277_AACKH5YM5/Unaligned/Project_fwelsh/no-Ab_ctrl-3_2_S22_R1_001.fastq.gz,yes,0.05ng spike-in,RNA_spike-in
230312,1,libA,antibody,2367,0.00272,4,/fh/fast/bloom_j/SR/ngs/illumina/fwelsh/230310_VH00699_277_AACKH5YM5/Unaligned/Project_fwelsh/2367_ctrl-4_c1_S13_R1_001.fastq.gz,yes,0.005ng spike-in,RNA_spike-in
230312,1,libA,antibody,2367,0.00136,4,/fh/fast/bloom_j/SR/ngs/illumina/fwelsh/230310_VH00699_277_AACKH5YM5/Unaligned/Project_fwelsh/2367_ctrl-4_c2_S14_R1_001.fastq.gz,yes,0.005ng spike-in,RNA_spike-in
230312,1,libA,antibody,2367,0.00068,4,/fh/fast/bloom_j/SR/ngs/illumina/fwelsh/230310_VH00699_277_AACKH5YM5/Unaligned/Project_fwelsh/2367_ctrl-4_c3_S15_R1_001.fastq.gz,yes,0.005ng spike-in,RNA_spike-in
230312,1,libA,antibody,2367,0.00034,4,/fh/fast/bloom_j/SR/ngs/illumina/fwelsh/230310_VH00699_277_AACKH5YM5/Unaligned/Project_fwelsh/2367_ctrl-4_c4_S16_R1_001.fastq.gz,yes,0.005ng spike-in,RNA_spike-in
230312,1,libA,no-antibody_control,,,4,/fh/fast/bloom_j/SR/ngs/illumina/fwelsh/230310_VH00699_277_AACKH5YM5/Unaligned/Project_fwelsh/no-Ab_ctrl-4_1_S23_R1_001.fastq.gz;/fh/fast/bloom_j/SR/ngs/illumina/fwelsh/230310_VH00699_277_AACKH5YM5/Unaligned/Project_fwelsh/no-Ab_ctrl-4_2_S24_R1_001.fastq.gz,yes,0.005ng spike-in,RNA_spike-in
230312,1,libA,plasmid,,,1,/fh/fast/bloom_j/SR/ngs/illumina/fwelsh/230310_VH00699_277_AACKH5YM5/Unaligned/Project_fwelsh/RNA_spike-in_S25_R1_001.fastq.gz,yes,spike-in barcode reference,RNA_spike-in
230317,1,libA,antibody,2343,0.012516,1,/fh/fast/bloom_j/SR/ngs/illumina/fwelsh/230317_VH00699_282_AACKCJNM5/Unaligned/Project_fwelsh/2343_c1_S1_R1_001.fastq.gz,,,H6
230317,1,libA,antibody,2343,0.006258,1,/fh/fast/bloom_j/SR/ngs/illumina/fwelsh/230317_VH00699_282_AACKCJNM5/Unaligned/Project_fwelsh/2343_c2_S2_R1_001.fastq.gz,,,H6
230317,1,libA,antibody,2343,0.003129,1,/fh/fast/bloom_j/SR/ngs/illumina/fwelsh/230317_VH00699_282_AACKCJNM5/Unaligned/Project_fwelsh/2343_c3_S3_R1_001.fastq.gz,,,H6
230317,1,libA,antibody,2343,0.0015645,1,/fh/fast/bloom_j/SR/ngs/illumina/fwelsh/230317_VH00699_282_AACKCJNM5/Unaligned/Project_fwelsh/2343_c4_S4_R1_001.fastq.gz,,,H6
230317,1,libA,antibody,2350,0.007206,1,/fh/fast/bloom_j/SR/ngs/illumina/fwelsh/230317_VH00699_282_AACKCJNM5/Unaligned/Project_fwelsh/2350_c1_S5_R1_001.fastq.gz,,,H6
230317,1,libA,antibody,2350,0.003603,1,/fh/fast/bloom_j/SR/ngs/illumina/fwelsh/230317_VH00699_282_AACKCJNM5/Unaligned/Project_fwelsh/2350_c2_S6_R1_001.fastq.gz,,,H6
230317,1,libA,antibody,2350,0.0018015,1,/fh/fast/bloom_j/SR/ngs/illumina/fwelsh/230317_VH00699_282_AACKCJNM5/Unaligned/Project_fwelsh/2350_c3_S7_R1_001.fastq.gz,,,H6
230317,1,libA,antibody,2350,0.00090075,1,/fh/fast/bloom_j/SR/ngs/illumina/fwelsh/230317_VH00699_282_AACKCJNM5/Unaligned/Project_fwelsh/2350_c4_S8_R1_001.fastq.gz,,,H6
230317,1,libA,antibody,2365,0.00601,1,/fh/fast/bloom_j/SR/ngs/illumina/fwelsh/230317_VH00699_282_AACKCJNM5/Unaligned/Project_fwelsh/2365_c1_S9_R1_001.fastq.gz,,,H6
230317,1,libA,antibody,2365,0.003005,1,/fh/fast/bloom_j/SR/ngs/illumina/fwelsh/230317_VH00699_282_AACKCJNM5/Unaligned/Project_fwelsh/2365_c2_S10_R1_001.fastq.gz,,,H6
230317,1,libA,antibody,2365,0.0015025,1,/fh/fast/bloom_j/SR/ngs/illumina/fwelsh/230317_VH00699_282_AACKCJNM5/Unaligned/Project_fwelsh/2365_c3_S11_R1_001.fastq.gz,,,H6
230317,1,libA,antibody,2365,0.00075125,1,/fh/fast/bloom_j/SR/ngs/illumina/fwelsh/230317_VH00699_282_AACKCJNM5/Unaligned/Project_fwelsh/2365_c4_S12_R1_001.fastq.gz,,,H6
230317,1,libA,antibody,2382,0.009486,1,/fh/fast/bloom_j/SR/ngs/illumina/fwelsh/230317_VH00699_282_AACKCJNM5/Unaligned/Project_fwelsh/2382_c1_S13_R1_001.fastq.gz,,,H6
230317,1,libA,antibody,2382,0.004743,1,/fh/fast/bloom_j/SR/ngs/illumina/fwelsh/230317_VH00699_282_AACKCJNM5/Unaligned/Project_fwelsh/2382_c2_S14_R1_001.fastq.gz,,,H6
230317,1,libA,antibody,2382,0.0023715,1,/fh/fast/bloom_j/SR/ngs/illumina/fwelsh/230317_VH00699_282_AACKCJNM5/Unaligned/Project_fwelsh/2382_c3_S15_R1_001.fastq.gz,,,H6
230317,1,libA,antibody,2382,0.00118575,1,/fh/fast/bloom_j/SR/ngs/illumina/fwelsh/230317_VH00699_282_AACKCJNM5/Unaligned/Project_fwelsh/2382_c4_S16_R1_001.fastq.gz,,,H6
230317,1,libA,antibody,3866,0.003474,1,/fh/fast/bloom_j/SR/ngs/illumina/fwelsh/230317_VH00699_282_AACKCJNM5/Unaligned/Project_fwelsh/3866_c1_S17_R1_001.fastq.gz,,,H6
230317,1,libA,antibody,3866,0.001737,1,/fh/fast/bloom_j/SR/ngs/illumina/fwelsh/230317_VH00699_282_AACKCJNM5/Unaligned/Project_fwelsh/3866_c2_S18_R1_001.fastq.gz,,,H6
230317,1,libA,antibody,3866,0.0008685,1,/fh/fast/bloom_j/SR/ngs/illumina/fwelsh/230317_VH00699_282_AACKCJNM5/Unaligned/Project_fwelsh/3866_c3_S19_R1_001.fastq.gz,,,H6
230317,1,libA,antibody,3866,0.00043425,1,/fh/fast/bloom_j/SR/ngs/illumina/fwelsh/230317_VH00699_282_AACKCJNM5/Unaligned/Project_fwelsh/3866_c4_S20_R1_001.fastq.gz,,,H6
230317,1,libA,no-antibody_control,,,1,/fh/fast/bloom_j/SR/ngs/illumina/fwelsh/230317_VH00699_282_AACKCJNM5/Unaligned/Project_fwelsh/no-Ab_1_S21_R1_001.fastq.gz;/fh/fast/bloom_j/SR/ngs/illumina/fwelsh/230317_VH00699_282_AACKCJNM5/Unaligned/Project_fwelsh/no-Ab_2_S22_R1_001.fastq.gz;/fh/fast/bloom_j/SR/ngs/illumina/fwelsh/230317_VH00699_282_AACKCJNM5/Unaligned/Project_fwelsh/no-Ab_3_S23_R1_001.fastq.gz,,,H6
230323,1,libA,antibody,2388,0.063445,1,/fh/fast/bloom_j/SR/ngs/illumina/fwelsh/230323_VH00699_285_AACKHCYM5/Unaligned/Project_fwelsh/2388_c1_S1_R1_001.fastq.gz,,,RNA_spike-in
230323,1,libA,antibody,2388,0.042296667,1,/fh/fast/bloom_j/SR/ngs/illumina/fwelsh/230323_VH00699_285_AACKHCYM5/Unaligned/Project_fwelsh/2388_c2_S2_R1_001.fastq.gz,,,RNA_spike-in
230323,1,libA,antibody,2388,0.028197778,1,/fh/fast/bloom_j/SR/ngs/illumina/fwelsh/230323_VH00699_285_AACKHCYM5/Unaligned/Project_fwelsh/2388_c3_S3_R1_001.fastq.gz,,,RNA_spike-in
230323,1,libA,antibody,2388,0.018798519,1,/fh/fast/bloom_j/SR/ngs/illumina/fwelsh/230323_VH00699_285_AACKHCYM5/Unaligned/Project_fwelsh/2388_c4_S4_R1_001.fastq.gz,,,RNA_spike-in
230323,1,libA,antibody,2463,0.798125,1,/fh/fast/bloom_j/SR/ngs/illumina/fwelsh/230323_VH00699_285_AACKHCYM5/Unaligned/Project_fwelsh/2463_c1_S5_R1_001.fastq.gz,,,RNA_spike-in
230323,1,libA,antibody,2463,0.532083333,1,/fh/fast/bloom_j/SR/ngs/illumina/fwelsh/230323_VH00699_285_AACKHCYM5/Unaligned/Project_fwelsh/2463_c2_S6_R1_001.fastq.gz,,,RNA_spike-in
230323,1,libA,antibody,2463,0.354722222,1,/fh/fast/bloom_j/SR/ngs/illumina/fwelsh/230323_VH00699_285_AACKHCYM5/Unaligned/Project_fwelsh/2463_c3_S7_R1_001.fastq.gz,,,RNA_spike-in
230323,1,libA,antibody,2463,0.236481481,1,/fh/fast/bloom_j/SR/ngs/illumina/fwelsh/230323_VH00699_285_AACKHCYM5/Unaligned/Project_fwelsh/2463_c4_S8_R1_001.fastq.gz,,,RNA_spike-in
230323,1,libA,antibody,4299,0.0917575,1,/fh/fast/bloom_j/SR/ngs/illumina/fwelsh/230323_VH00699_285_AACKHCYM5/Unaligned/Project_fwelsh/4299_c1_S9_R1_001.fastq.gz,,,RNA_spike-in
230323,1,libA,antibody,4299,0.061171667,1,/fh/fast/bloom_j/SR/ngs/illumina/fwelsh/230323_VH00699_285_AACKHCYM5/Unaligned/Project_fwelsh/4299_c2_S10_R1_001.fastq.gz,,,RNA_spike-in
230323,1,libA,antibody,4299,0.040781111,1,/fh/fast/bloom_j/SR/ngs/illumina/fwelsh/230323_VH00699_285_AACKHCYM5/Unaligned/Project_fwelsh/4299_c3_S11_R1_001.fastq.gz,,,RNA_spike-in
230323,1,libA,antibody,4299,0.027187407,1,/fh/fast/bloom_j/SR/ngs/illumina/fwelsh/230323_VH00699_285_AACKHCYM5/Unaligned/Project_fwelsh/4299_c4_S12_R1_001.fastq.gz,,,RNA_spike-in
230323,1,libA,antibody,3973,0.1042875,1,/fh/fast/bloom_j/SR/ngs/illumina/fwelsh/230323_VH00699_285_AACKHCYM5/Unaligned/Project_fwelsh/3973_c1_S13_R1_001.fastq.gz,,,RNA_spike-in
230323,1,libA,antibody,3973,0.069525,1,/fh/fast/bloom_j/SR/ngs/illumina/fwelsh/230323_VH00699_285_AACKHCYM5/Unaligned/Project_fwelsh/3973_c2_S14_R1_001.fastq.gz,,,RNA_spike-in
230323,1,libA,antibody,3973,0.04635,1,/fh/fast/bloom_j/SR/ngs/illumina/fwelsh/230323_VH00699_285_AACKHCYM5/Unaligned/Project_fwelsh/3973_c3_S15_R1_001.fastq.gz,,,RNA_spike-in
230323,1,libA,antibody,3973,0.0309,1,/fh/fast/bloom_j/SR/ngs/illumina/fwelsh/230323_VH00699_285_AACKHCYM5/Unaligned/Project_fwelsh/3973_c4_S16_R1_001.fastq.gz,,,RNA_spike-in
230323,1,libA,antibody,4584,0.1225775,1,/fh/fast/bloom_j/SR/ngs/illumina/fwelsh/230323_VH00699_285_AACKHCYM5/Unaligned/Project_fwelsh/4584_c1_S17_R1_001.fastq.gz,,,RNA_spike-in
230323,1,libA,antibody,4584,0.081718333,1,/fh/fast/bloom_j/SR/ngs/illumina/fwelsh/230323_VH00699_285_AACKHCYM5/Unaligned/Project_fwelsh/4584_c2_S18_R1_001.fastq.gz,,,RNA_spike-in
230323,1,libA,antibody,4584,0.054478889,1,/fh/fast/bloom_j/SR/ngs/illumina/fwelsh/230323_VH00699_285_AACKHCYM5/Unaligned/Project_fwelsh/4584_c3_S19_R1_001.fastq.gz,,,RNA_spike-in
230323,1,libA,antibody,4584,0.036319259,1,/fh/fast/bloom_j/SR/ngs/illumina/fwelsh/230323_VH00699_285_AACKHCYM5/Unaligned/Project_fwelsh/4584_c4_S20_R1_001.fastq.gz,,,RNA_spike-in
230323,1,libA,no-antibody_control,,,1,/fh/fast/bloom_j/SR/ngs/illumina/fwelsh/230323_VH00699_285_AACKHCYM5/Unaligned/Project_fwelsh/no-Ab_1_S21_R1_001.fastq.gz;/fh/fast/bloom_j/SR/ngs/illumina/fwelsh/230323_VH00699_285_AACKHCYM5/Unaligned/Project_fwelsh/no-Ab_2_S22_R1_001.fastq.gz;/fh/fast/bloom_j/SR/ngs/illumina/fwelsh/230323_VH00699_285_AACKHCYM5/Unaligned/Project_fwelsh/no-Ab_3_S23_R1_001.fastq.gz,,,RNA_spike-in