sequential_site,amino_acid,mutation_type
22,A,viable_mutation
22,D,viable_mutation
22,E,viable_mutation
22,F,viable_mutation
22,G,viable_mutation
22,H,viable_mutation
22,K,viable_mutation
22,L,viable_mutation
22,M,viable_mutation
22,N,viable_mutation
22,P,viable_mutation
22,Q,viable_mutation
22,R,viable_mutation
22,S,viable_mutation
22,T,viable_mutation
22,V,viable_mutation
22,W,viable_mutation
22,Y,viable_mutation
23,A,viable_mutation
23,C,viable_mutation
23,D,viable_mutation
23,E,viable_mutation
23,F,viable_mutation
23,G,viable_mutation
23,H,viable_mutation
23,I,viable_mutation
23,K,viable_mutation
23,L,viable_mutation
23,M,viable_mutation
23,N,viable_mutation
23,Q,viable_mutation
23,R,viable_mutation
23,S,viable_mutation
23,T,viable_mutation
23,V,viable_mutation
23,W,viable_mutation
23,Y,viable_mutation
24,A,viable_mutation
24,D,viable_mutation
24,E,viable_mutation
24,F,viable_mutation
24,H,viable_mutation
24,I,viable_mutation
24,L,viable_mutation
24,M,viable_mutation
24,N,viable_mutation
24,P,viable_mutation
24,Q,viable_mutation
24,R,viable_mutation
24,S,viable_mutation
24,T,viable_mutation
24,V,viable_mutation
24,W,viable_mutation
24,Y,viable_mutation
25,A,viable_mutation
25,D,viable_mutation
25,E,viable_mutation
25,F,viable_mutation
25,G,viable_mutation
25,H,viable_mutation
25,I,viable_mutation
25,K,viable_mutation
25,L,viable_mutation
25,M,viable_mutation
25,P,viable_mutation
25,Q,viable_mutation
25,R,viable_mutation
25,S,viable_mutation
25,T,viable_mutation
25,V,viable_mutation
25,W,viable_mutation
25,Y,viable_mutation
26,C,viable_mutation
26,E,viable_mutation
26,F,viable_mutation
26,G,viable_mutation
26,H,viable_mutation
26,I,viable_mutation
26,K,viable_mutation
26,L,viable_mutation
26,M,viable_mutation
26,N,viable_mutation
26,P,viable_mutation
26,Q,viable_mutation
26,S,viable_mutation
26,T,viable_mutation
26,V,viable_mutation
26,Y,viable_mutation
27,A,viable_mutation
27,C,viable_mutation
27,D,viable_mutation
27,E,viable_mutation
27,F,viable_mutation
27,G,viable_mutation
27,H,viable_mutation
27,I,viable_mutation
27,K,viable_mutation
27,L,viable_mutation
27,M,viable_mutation
27,P,viable_mutation
27,Q,viable_mutation
27,R,viable_mutation
27,S,viable_mutation
27,T,viable_mutation
27,V,viable_mutation
27,W,viable_mutation
27,Y,viable_mutation
28,A,viable_mutation
28,D,viable_mutation
28,E,viable_mutation
28,F,viable_mutation
28,G,viable_mutation
28,H,viable_mutation
28,I,viable_mutation
28,K,viable_mutation
28,L,viable_mutation
28,M,viable_mutation
28,N,viable_mutation
28,P,viable_mutation
28,Q,viable_mutation
28,R,viable_mutation
28,T,viable_mutation
28,V,viable_mutation
28,W,viable_mutation
28,Y,viable_mutation
29,A,viable_mutation
29,C,viable_mutation
29,D,viable_mutation
29,E,viable_mutation
29,F,viable_mutation
29,G,viable_mutation
29,H,viable_mutation
29,I,viable_mutation
29,K,viable_mutation
29,L,viable_mutation
29,M,viable_mutation
29,Q,viable_mutation
29,R,viable_mutation
29,V,viable_mutation
29,W,viable_mutation
29,Y,viable_mutation
30,P,viable_mutation
30,T,viable_mutation
30,V,viable_mutation
31,A,viable_mutation
31,C,viable_mutation
31,E,viable_mutation
31,F,viable_mutation
31,H,viable_mutation
31,I,viable_mutation
31,K,viable_mutation
31,L,viable_mutation
31,M,viable_mutation
31,Q,viable_mutation
31,V,viable_mutation
31,W,viable_mutation
31,Y,viable_mutation
32,I,viable_mutation
34,I,viable_mutation
34,V,viable_mutation
35,F,viable_mutation
36,R,viable_mutation
37,I,viable_mutation
37,Q,viable_mutation
37,Y,viable_mutation
38,N,viable_mutation
38,S,viable_mutation
38,T,viable_mutation
39,F,viable_mutation
40,A,viable_mutation
40,C,viable_mutation
40,F,viable_mutation
40,G,viable_mutation
40,H,viable_mutation
40,I,viable_mutation
40,K,viable_mutation
40,L,viable_mutation
40,M,viable_mutation
40,N,viable_mutation
40,Q,viable_mutation
40,R,viable_mutation
40,S,viable_mutation
40,T,viable_mutation
40,V,viable_mutation
40,W,viable_mutation
41,A,viable_mutation
41,D,viable_mutation
41,E,viable_mutation
41,H,viable_mutation
41,K,viable_mutation
41,L,viable_mutation
41,Q,viable_mutation
41,R,viable_mutation
41,S,viable_mutation
41,T,viable_mutation
41,W,viable_mutation
41,Y,viable_mutation
43,A,viable_mutation
43,E,viable_mutation
43,F,viable_mutation
43,H,viable_mutation
43,I,viable_mutation
43,K,viable_mutation
43,M,viable_mutation
43,Q,viable_mutation
43,V,viable_mutation
43,Y,viable_mutation
44,F,viable_mutation
44,H,viable_mutation
44,K,viable_mutation
44,L,viable_mutation
44,M,viable_mutation
44,Q,viable_mutation
44,R,viable_mutation
44,S,viable_mutation
44,V,viable_mutation
44,W,viable_mutation
44,Y,viable_mutation
45,I,viable_mutation
46,A,viable_mutation
46,H,viable_mutation
46,M,viable_mutation
46,N,viable_mutation
46,Q,viable_mutation
46,R,viable_mutation
46,S,viable_mutation
46,T,viable_mutation
47,S,viable_mutation
48,M,viable_mutation
48,P,viable_mutation
48,V,viable_mutation
48,W,viable_mutation
49,A,viable_mutation
49,E,viable_mutation
49,G,viable_mutation
49,H,viable_mutation
49,I,viable_mutation
49,K,viable_mutation
49,L,viable_mutation
49,M,viable_mutation
49,N,viable_mutation
49,Q,viable_mutation
49,R,viable_mutation
49,S,viable_mutation
49,V,viable_mutation
49,Y,viable_mutation
50,A,viable_mutation
50,C,viable_mutation
50,D,viable_mutation
50,E,viable_mutation
50,F,viable_mutation
50,G,viable_mutation
50,H,viable_mutation
50,I,viable_mutation
50,K,viable_mutation
50,L,viable_mutation
50,M,viable_mutation
50,Q,viable_mutation
50,R,viable_mutation
50,S,viable_mutation
50,T,viable_mutation
50,V,viable_mutation
50,W,viable_mutation
50,Y,viable_mutation
51,A,viable_mutation
51,E,viable_mutation
51,G,viable_mutation
51,H,viable_mutation
51,I,viable_mutation
51,L,viable_mutation
51,M,viable_mutation
51,N,viable_mutation
51,P,viable_mutation
51,Q,viable_mutation
51,S,viable_mutation
51,T,viable_mutation
51,W,viable_mutation
51,Y,viable_mutation
52,A,viable_mutation
52,D,viable_mutation
52,E,viable_mutation
52,F,viable_mutation
52,G,viable_mutation
52,H,viable_mutation
52,I,viable_mutation
52,K,viable_mutation
52,L,viable_mutation
52,M,viable_mutation
52,N,viable_mutation
52,Q,viable_mutation
52,V,viable_mutation
52,W,viable_mutation
52,Y,viable_mutation
53,E,viable_mutation
53,L,viable_mutation
53,M,viable_mutation
53,N,viable_mutation
53,Q,viable_mutation
53,T,viable_mutation
53,V,viable_mutation
54,A,viable_mutation
54,D,viable_mutation
54,Q,viable_mutation
54,S,viable_mutation
55,C,viable_mutation
56,A,viable_mutation
56,C,viable_mutation
56,I,viable_mutation
56,M,viable_mutation
56,N,viable_mutation
56,V,viable_mutation
56,Y,viable_mutation
57,A,viable_mutation
57,C,viable_mutation
57,D,viable_mutation
57,E,viable_mutation
57,F,viable_mutation
57,G,viable_mutation
57,K,viable_mutation
57,M,viable_mutation
57,Q,viable_mutation
57,R,viable_mutation
57,S,viable_mutation
57,T,viable_mutation
57,Y,viable_mutation
58,D,viable_mutation
58,L,viable_mutation
58,N,viable_mutation
58,S,viable_mutation
58,T,viable_mutation
59,A,viable_mutation
59,E,viable_mutation
59,F,viable_mutation
59,I,viable_mutation
59,L,viable_mutation
59,M,viable_mutation
59,Q,viable_mutation
59,V,viable_mutation
59,Y,viable_mutation
60,K,viable_mutation
63,A,viable_mutation
63,D,viable_mutation
63,E,viable_mutation
63,F,viable_mutation
63,G,viable_mutation
63,H,viable_mutation
63,I,viable_mutation
63,K,viable_mutation
63,L,viable_mutation
63,M,viable_mutation
63,T,viable_mutation
63,V,viable_mutation
63,W,viable_mutation
63,Y,viable_mutation
64,A,viable_mutation
64,C,viable_mutation
64,D,viable_mutation
64,G,viable_mutation
64,H,viable_mutation
64,I,viable_mutation
64,K,viable_mutation
64,L,viable_mutation
64,R,viable_mutation
64,S,viable_mutation
64,T,viable_mutation
64,V,viable_mutation
65,A,viable_mutation
65,D,viable_mutation
65,E,viable_mutation
65,F,viable_mutation
65,G,viable_mutation
65,H,viable_mutation
65,I,viable_mutation
65,K,viable_mutation
65,L,viable_mutation
65,M,viable_mutation
65,N,viable_mutation
65,Q,viable_mutation
65,R,viable_mutation
65,T,viable_mutation
65,V,viable_mutation
65,W,viable_mutation
65,Y,viable_mutation
66,A,viable_mutation
66,D,viable_mutation
66,F,viable_mutation
66,G,viable_mutation
66,I,viable_mutation
66,L,viable_mutation
66,M,viable_mutation
66,N,viable_mutation
66,T,viable_mutation
66,V,viable_mutation
66,Y,viable_mutation
67,A,viable_mutation
67,D,viable_mutation
67,E,viable_mutation
67,F,viable_mutation
67,G,viable_mutation
67,H,viable_mutation
67,K,viable_mutation
67,L,viable_mutation
67,N,viable_mutation
67,P,viable_mutation
67,Q,viable_mutation
67,R,viable_mutation
67,S,viable_mutation
67,T,viable_mutation
67,V,viable_mutation
67,W,viable_mutation
67,Y,viable_mutation
68,A,viable_mutation
68,P,viable_mutation
68,R,viable_mutation
68,Y,viable_mutation
69,A,viable_mutation
69,C,viable_mutation
69,F,viable_mutation
69,G,viable_mutation
69,H,viable_mutation
69,I,viable_mutation
69,K,viable_mutation
69,L,viable_mutation
69,M,viable_mutation
69,N,viable_mutation
69,P,viable_mutation
69,Q,viable_mutation
69,R,viable_mutation
69,S,viable_mutation
69,T,viable_mutation
69,V,viable_mutation
69,W,viable_mutation
69,Y,viable_mutation
70,L,viable_mutation
72,A,viable_mutation
72,E,viable_mutation
72,G,viable_mutation
72,N,viable_mutation
72,Q,viable_mutation
72,S,viable_mutation
73,A,viable_mutation
73,E,viable_mutation
73,G,viable_mutation
73,H,viable_mutation
73,K,viable_mutation
73,M,viable_mutation
73,N,viable_mutation
73,Q,viable_mutation
73,R,viable_mutation
73,T,viable_mutation
73,Y,viable_mutation
75,F,viable_mutation
75,I,viable_mutation
75,L,viable_mutation
75,W,viable_mutation
75,Y,viable_mutation
76,A,viable_mutation
76,D,viable_mutation
76,E,viable_mutation
76,F,viable_mutation
76,H,viable_mutation
76,I,viable_mutation
76,K,viable_mutation
76,L,viable_mutation
76,M,viable_mutation
76,N,viable_mutation
76,R,viable_mutation
76,S,viable_mutation
76,T,viable_mutation
76,V,viable_mutation
77,V,viable_mutation
78,I,viable_mutation
78,V,viable_mutation
80,V,viable_mutation
81,A,viable_mutation
81,D,viable_mutation
81,E,viable_mutation
81,H,viable_mutation
81,I,viable_mutation
81,K,viable_mutation
81,L,viable_mutation
81,M,viable_mutation
81,N,viable_mutation
81,Q,viable_mutation
81,R,viable_mutation
81,V,viable_mutation
81,W,viable_mutation
82,D,viable_mutation
83,D,viable_mutation
86,K,viable_mutation
86,M,viable_mutation
88,I,viable_mutation
89,I,viable_mutation
92,A,viable_mutation
94,A,viable_mutation
94,E,viable_mutation
94,G,viable_mutation
94,H,viable_mutation
94,L,viable_mutation
94,M,viable_mutation
94,N,viable_mutation
94,S,viable_mutation
96,E,viable_mutation
97,D,viable_mutation
97,E,viable_mutation
97,S,viable_mutation
97,V,viable_mutation
98,I,viable_mutation
98,L,viable_mutation
99,A,viable_mutation
99,E,viable_mutation
99,K,viable_mutation
99,M,viable_mutation
100,D,viable_mutation
100,G,viable_mutation
101,A,viable_mutation
101,E,viable_mutation
101,Q,viable_mutation
101,R,viable_mutation
101,S,viable_mutation
101,T,viable_mutation
101,V,viable_mutation
102,A,viable_mutation
102,C,viable_mutation
102,D,viable_mutation
102,E,viable_mutation
102,H,viable_mutation
102,N,viable_mutation
102,Q,viable_mutation
102,R,viable_mutation
102,S,viable_mutation
102,T,viable_mutation
103,F,viable_mutation
105,I,viable_mutation
105,V,viable_mutation
106,Y,viable_mutation
107,I,viable_mutation
107,L,viable_mutation
110,E,viable_mutation
110,N,viable_mutation
110,P,viable_mutation
110,T,viable_mutation
111,A,viable_mutation
111,D,viable_mutation
111,E,viable_mutation
111,F,viable_mutation
111,G,viable_mutation
111,H,viable_mutation
111,I,viable_mutation
111,K,viable_mutation
111,L,viable_mutation
111,M,viable_mutation
111,N,viable_mutation
111,Q,viable_mutation
111,S,viable_mutation
111,T,viable_mutation
111,V,viable_mutation
111,W,viable_mutation
111,Y,viable_mutation
112,S,viable_mutation
112,T,viable_mutation
112,V,viable_mutation
113,A,viable_mutation
113,D,viable_mutation
113,E,viable_mutation
113,F,viable_mutation
113,G,viable_mutation
113,H,viable_mutation
113,I,viable_mutation
113,K,viable_mutation
113,M,viable_mutation
113,N,viable_mutation
113,Q,viable_mutation
113,R,viable_mutation
113,S,viable_mutation
113,T,viable_mutation
113,V,viable_mutation
113,W,viable_mutation
115,A,viable_mutation
115,D,viable_mutation
115,G,viable_mutation
115,Q,viable_mutation
115,S,viable_mutation
115,T,viable_mutation
115,Y,viable_mutation
120,E,viable_mutation
120,V,viable_mutation
121,I,viable_mutation
122,A,viable_mutation
122,D,viable_mutation
122,E,viable_mutation
122,F,viable_mutation
122,H,viable_mutation
122,I,viable_mutation
122,K,viable_mutation
122,M,viable_mutation
122,N,viable_mutation
122,Q,viable_mutation
122,R,viable_mutation
122,S,viable_mutation
122,T,viable_mutation
122,V,viable_mutation
122,W,viable_mutation
122,Y,viable_mutation
123,H,viable_mutation
123,Q,viable_mutation
124,L,viable_mutation
125,D,viable_mutation
125,E,viable_mutation
125,H,viable_mutation
125,I,viable_mutation
125,L,viable_mutation
125,M,viable_mutation
125,N,viable_mutation
125,Q,viable_mutation
125,S,viable_mutation
125,T,viable_mutation
125,V,viable_mutation
125,W,viable_mutation
126,D,viable_mutation
126,G,viable_mutation
126,N,viable_mutation
126,T,viable_mutation
126,W,viable_mutation
129,A,viable_mutation
131,I,viable_mutation
133,A,viable_mutation
133,D,viable_mutation
133,E,viable_mutation
133,F,viable_mutation
133,G,viable_mutation
133,H,viable_mutation
133,K,viable_mutation
133,L,viable_mutation
133,M,viable_mutation
133,N,viable_mutation
133,Q,viable_mutation
133,R,viable_mutation
133,T,viable_mutation
133,V,viable_mutation
133,W,viable_mutation
134,A,viable_mutation
134,I,viable_mutation
134,L,viable_mutation
134,M,viable_mutation
136,S,viable_mutation
140,A,viable_mutation
140,D,viable_mutation
140,E,viable_mutation
140,F,viable_mutation
140,H,viable_mutation
140,I,viable_mutation
140,L,viable_mutation
140,M,viable_mutation
140,N,viable_mutation
140,Q,viable_mutation
140,S,viable_mutation
140,T,viable_mutation
140,V,viable_mutation
140,W,viable_mutation
140,Y,viable_mutation
141,A,viable_mutation
141,D,viable_mutation
141,E,viable_mutation
141,F,viable_mutation
141,H,viable_mutation
141,I,viable_mutation
141,L,viable_mutation
141,M,viable_mutation
141,P,viable_mutation
141,Q,viable_mutation
141,S,viable_mutation
141,T,viable_mutation
141,V,viable_mutation
141,Y,viable_mutation
143,A,viable_mutation
143,D,viable_mutation
143,E,viable_mutation
143,F,viable_mutation
143,G,viable_mutation
143,H,viable_mutation
143,I,viable_mutation
143,K,viable_mutation
143,L,viable_mutation
143,M,viable_mutation
143,N,viable_mutation
143,P,viable_mutation
143,Q,viable_mutation
143,R,viable_mutation
143,V,viable_mutation
143,W,viable_mutation
143,Y,viable_mutation
145,D,viable_mutation
147,E,viable_mutation
147,T,viable_mutation
150,A,viable_mutation
150,I,viable_mutation
150,K,viable_mutation
150,L,viable_mutation
150,N,viable_mutation
150,Q,viable_mutation
150,S,viable_mutation
150,V,viable_mutation
151,C,viable_mutation
151,E,viable_mutation
151,V,viable_mutation
152,D,viable_mutation
152,S,viable_mutation
153,H,viable_mutation
154,A,viable_mutation
154,E,viable_mutation
154,G,viable_mutation
154,H,viable_mutation
154,M,viable_mutation
154,N,viable_mutation
154,Q,viable_mutation
154,S,viable_mutation
154,T,viable_mutation
154,V,viable_mutation
155,T,viable_mutation
156,A,viable_mutation
156,G,viable_mutation
156,S,viable_mutation
156,Y,viable_mutation
157,A,viable_mutation
157,D,viable_mutation
157,F,viable_mutation
157,H,viable_mutation
157,L,viable_mutation
157,M,viable_mutation
157,N,viable_mutation
157,Q,viable_mutation
157,T,viable_mutation
157,W,viable_mutation
157,Y,viable_mutation
159,K,viable_mutation
159,M,viable_mutation
159,N,viable_mutation
159,P,viable_mutation
159,Q,viable_mutation
160,D,viable_mutation
160,S,viable_mutation
161,A,viable_mutation
161,D,viable_mutation
161,E,viable_mutation
161,F,viable_mutation
161,H,viable_mutation
161,I,viable_mutation
161,K,viable_mutation
161,M,viable_mutation
161,N,viable_mutation
161,Q,viable_mutation
161,R,viable_mutation
161,S,viable_mutation
161,T,viable_mutation
161,W,viable_mutation
162,A,viable_mutation
162,D,viable_mutation
162,E,viable_mutation
162,G,viable_mutation
162,H,viable_mutation
162,K,viable_mutation
162,M,viable_mutation
162,N,viable_mutation
162,Q,viable_mutation
162,T,viable_mutation
162,W,viable_mutation
163,A,viable_mutation
163,D,viable_mutation
163,E,viable_mutation
163,G,viable_mutation
163,H,viable_mutation
163,I,viable_mutation
163,K,viable_mutation
163,N,viable_mutation
163,Q,viable_mutation
163,R,viable_mutation
163,T,viable_mutation
163,V,viable_mutation
164,A,viable_mutation
164,E,viable_mutation
164,G,viable_mutation
164,H,viable_mutation
164,K,viable_mutation
164,N,viable_mutation
164,P,viable_mutation
164,Q,viable_mutation
164,T,viable_mutation
164,W,viable_mutation
169,K,viable_mutation
174,H,viable_mutation
174,S,viable_mutation
175,A,viable_mutation
175,E,viable_mutation
175,G,viable_mutation
175,K,viable_mutation
175,M,viable_mutation
175,N,viable_mutation
175,P,viable_mutation
175,Q,viable_mutation
175,S,viable_mutation
176,A,viable_mutation
176,D,viable_mutation
176,E,viable_mutation
176,F,viable_mutation
176,G,viable_mutation
176,H,viable_mutation
176,K,viable_mutation
176,M,viable_mutation
176,N,viable_mutation
176,Q,viable_mutation
176,S,viable_mutation
176,T,viable_mutation
176,Y,viable_mutation
177,D,viable_mutation
177,E,viable_mutation
177,G,viable_mutation
177,K,viable_mutation
178,A,viable_mutation
178,D,viable_mutation
178,E,viable_mutation
178,F,viable_mutation
178,G,viable_mutation
178,H,viable_mutation
178,K,viable_mutation
178,L,viable_mutation
178,M,viable_mutation
178,N,viable_mutation
178,P,viable_mutation
178,Q,viable_mutation
178,R,viable_mutation
178,S,viable_mutation
178,T,viable_mutation
178,V,viable_mutation
178,W,viable_mutation
179,A,viable_mutation
179,D,viable_mutation
179,E,viable_mutation
179,G,viable_mutation
179,H,viable_mutation
179,K,viable_mutation
179,M,viable_mutation
179,N,viable_mutation
179,Q,viable_mutation
179,R,viable_mutation
179,S,viable_mutation
179,V,viable_mutation
180,F,viable_mutation
180,H,viable_mutation
180,M,viable_mutation
180,W,viable_mutation
181,D,viable_mutation
182,D,viable_mutation
182,E,viable_mutation
182,F,viable_mutation
182,H,viable_mutation
182,I,viable_mutation
182,L,viable_mutation
182,M,viable_mutation
182,N,viable_mutation
182,P,viable_mutation
182,Q,viable_mutation
182,S,viable_mutation
182,T,viable_mutation
182,V,viable_mutation
182,W,viable_mutation
182,Y,viable_mutation
183,F,viable_mutation
183,H,viable_mutation
183,I,viable_mutation
183,Q,viable_mutation
184,E,viable_mutation
185,A,viable_mutation
186,S,viable_mutation
187,Q,viable_mutation
190,H,viable_mutation
190,N,viable_mutation
190,Q,viable_mutation
190,T,viable_mutation
190,Y,viable_mutation
191,D,viable_mutation
191,G,viable_mutation
191,Q,viable_mutation
191,V,viable_mutation
192,A,viable_mutation
192,C,viable_mutation
192,D,viable_mutation
192,E,viable_mutation
192,F,viable_mutation
192,G,viable_mutation
192,H,viable_mutation
192,I,viable_mutation
192,K,viable_mutation
192,L,viable_mutation
192,M,viable_mutation
192,N,viable_mutation
192,P,viable_mutation
192,S,viable_mutation
192,T,viable_mutation
192,V,viable_mutation
192,W,viable_mutation
192,Y,viable_mutation
193,H,viable_mutation
193,Y,viable_mutation
194,T,viable_mutation
198,V,viable_mutation
202,E,viable_mutation
202,F,viable_mutation
202,L,viable_mutation
202,M,viable_mutation
202,V,viable_mutation
202,W,viable_mutation
203,E,viable_mutation
203,N,viable_mutation
205,A,viable_mutation
205,C,viable_mutation
205,D,viable_mutation
205,E,viable_mutation
205,H,viable_mutation
205,I,viable_mutation
205,K,viable_mutation
205,M,viable_mutation
205,N,viable_mutation
205,P,viable_mutation
205,S,viable_mutation
205,V,viable_mutation
206,A,viable_mutation
206,D,viable_mutation
206,E,viable_mutation
206,F,viable_mutation
206,N,viable_mutation
206,S,viable_mutation
207,A,viable_mutation
207,E,viable_mutation
207,F,viable_mutation
207,H,viable_mutation
207,I,viable_mutation
207,L,viable_mutation
207,M,viable_mutation
207,N,viable_mutation
207,Q,viable_mutation
207,S,viable_mutation
207,T,viable_mutation
207,V,viable_mutation
207,W,viable_mutation
207,Y,viable_mutation
208,A,viable_mutation
208,D,viable_mutation
208,E,viable_mutation
208,F,viable_mutation
208,G,viable_mutation
208,H,viable_mutation
208,I,viable_mutation
208,L,viable_mutation
208,M,viable_mutation
208,N,viable_mutation
208,Q,viable_mutation
208,R,viable_mutation
208,S,viable_mutation
208,T,viable_mutation
208,V,viable_mutation
208,Y,viable_mutation
209,E,viable_mutation
209,N,viable_mutation
210,S,viable_mutation
211,A,viable_mutation
211,D,viable_mutation
211,E,viable_mutation
211,F,viable_mutation
211,G,viable_mutation
211,H,viable_mutation
211,K,viable_mutation
211,L,viable_mutation
211,M,viable_mutation
211,N,viable_mutation
211,Q,viable_mutation
211,R,viable_mutation
211,S,viable_mutation
211,T,viable_mutation
211,V,viable_mutation
211,W,viable_mutation
211,Y,viable_mutation
212,A,viable_mutation
212,D,viable_mutation
212,E,viable_mutation
212,F,viable_mutation
212,G,viable_mutation
212,H,viable_mutation
212,K,viable_mutation
212,L,viable_mutation
212,M,viable_mutation
212,N,viable_mutation
212,Q,viable_mutation
212,R,viable_mutation
212,T,viable_mutation
214,E,viable_mutation
214,F,viable_mutation
214,G,viable_mutation
214,H,viable_mutation
214,I,viable_mutation
214,K,viable_mutation
214,M,viable_mutation
214,N,viable_mutation
214,Q,viable_mutation
214,R,viable_mutation
214,S,viable_mutation
214,T,viable_mutation
215,D,viable_mutation
215,E,viable_mutation
215,G,viable_mutation
215,N,viable_mutation
215,P,viable_mutation
215,Q,viable_mutation
215,S,viable_mutation
215,V,viable_mutation
215,W,viable_mutation
216,A,viable_mutation
216,C,viable_mutation
216,D,viable_mutation
216,E,viable_mutation
216,F,viable_mutation
216,G,viable_mutation
216,H,viable_mutation
216,I,viable_mutation
216,K,viable_mutation
216,L,viable_mutation
216,M,viable_mutation
216,N,viable_mutation
216,P,viable_mutation
216,R,viable_mutation
216,S,viable_mutation
216,T,viable_mutation
216,V,viable_mutation
216,W,viable_mutation
216,Y,viable_mutation
217,A,viable_mutation
217,C,viable_mutation
217,D,viable_mutation
217,E,viable_mutation
217,F,viable_mutation
217,G,viable_mutation
217,H,viable_mutation
217,I,viable_mutation
217,K,viable_mutation
217,L,viable_mutation
217,M,viable_mutation
217,N,viable_mutation
217,P,viable_mutation
217,Q,viable_mutation
217,R,viable_mutation
217,W,viable_mutation
217,Y,viable_mutation
218,A,viable_mutation
218,D,viable_mutation
218,E,viable_mutation
218,G,viable_mutation
218,H,viable_mutation
218,I,viable_mutation
218,K,viable_mutation
218,L,viable_mutation
218,M,viable_mutation
218,N,viable_mutation
218,P,viable_mutation
218,Q,viable_mutation
218,T,viable_mutation
218,V,viable_mutation
218,W,viable_mutation
218,Y,viable_mutation
219,A,viable_mutation
219,M,viable_mutation
219,N,viable_mutation
219,P,viable_mutation
219,S,viable_mutation
219,T,viable_mutation
220,A,viable_mutation
220,D,viable_mutation
220,E,viable_mutation
220,F,viable_mutation
220,G,viable_mutation
220,H,viable_mutation
220,I,viable_mutation
220,K,viable_mutation
220,L,viable_mutation
220,M,viable_mutation
220,N,viable_mutation
220,P,viable_mutation
220,Q,viable_mutation
220,S,viable_mutation
220,T,viable_mutation
220,V,viable_mutation
220,W,viable_mutation
221,T,viable_mutation
221,V,viable_mutation
222,A,viable_mutation
222,E,viable_mutation
222,H,viable_mutation
222,I,viable_mutation
222,M,viable_mutation
222,Q,viable_mutation
222,S,viable_mutation
222,V,viable_mutation
226,A,viable_mutation
226,G,viable_mutation
226,M,viable_mutation
226,Q,viable_mutation
226,R,viable_mutation
226,S,viable_mutation
226,T,viable_mutation
227,A,viable_mutation
227,D,viable_mutation
227,E,viable_mutation
227,F,viable_mutation
227,G,viable_mutation
227,H,viable_mutation
227,I,viable_mutation
227,K,viable_mutation
227,L,viable_mutation
227,M,viable_mutation
227,N,viable_mutation
227,Q,viable_mutation
227,S,viable_mutation
227,T,viable_mutation
227,V,viable_mutation
227,Y,viable_mutation
228,T,viable_mutation
229,E,viable_mutation
229,I,viable_mutation
229,V,viable_mutation
231,D,viable_mutation
231,E,viable_mutation
231,I,viable_mutation
231,T,viable_mutation
231,V,viable_mutation
232,A,viable_mutation
232,I,viable_mutation
233,A,viable_mutation
233,D,viable_mutation
233,E,viable_mutation
233,F,viable_mutation
233,G,viable_mutation
233,H,viable_mutation
233,K,viable_mutation
233,L,viable_mutation
233,M,viable_mutation
233,Q,viable_mutation
233,R,viable_mutation
233,S,viable_mutation
233,T,viable_mutation
233,V,viable_mutation
233,W,viable_mutation
233,Y,viable_mutation
234,A,viable_mutation
234,F,viable_mutation
234,I,viable_mutation
234,M,viable_mutation
234,N,viable_mutation
234,S,viable_mutation
234,T,viable_mutation
234,V,viable_mutation
235,A,viable_mutation
235,D,viable_mutation
235,E,viable_mutation
235,F,viable_mutation
235,H,viable_mutation
235,I,viable_mutation
235,K,viable_mutation
235,L,viable_mutation
235,M,viable_mutation
235,Q,viable_mutation
235,R,viable_mutation
235,S,viable_mutation
235,T,viable_mutation
235,V,viable_mutation
235,Y,viable_mutation
236,D,viable_mutation
236,E,viable_mutation
236,F,viable_mutation
236,L,viable_mutation
236,M,viable_mutation
236,Q,viable_mutation
236,V,viable_mutation
237,A,viable_mutation
237,D,viable_mutation
237,F,viable_mutation
237,H,viable_mutation
237,I,viable_mutation
237,M,viable_mutation
237,P,viable_mutation
237,S,viable_mutation
237,T,viable_mutation
237,V,viable_mutation
237,Y,viable_mutation
238,A,viable_mutation
238,D,viable_mutation
238,E,viable_mutation
238,F,viable_mutation
238,G,viable_mutation
238,H,viable_mutation
238,I,viable_mutation
238,K,viable_mutation
238,L,viable_mutation
238,M,viable_mutation
238,N,viable_mutation
238,P,viable_mutation
238,Q,viable_mutation
238,T,viable_mutation
238,V,viable_mutation
238,Y,viable_mutation
239,A,viable_mutation
239,C,viable_mutation
239,D,viable_mutation
239,E,viable_mutation
239,F,viable_mutation
239,H,viable_mutation
239,I,viable_mutation
239,K,viable_mutation
239,L,viable_mutation
239,M,viable_mutation
239,N,viable_mutation
239,Q,viable_mutation
239,S,viable_mutation
239,T,viable_mutation
239,V,viable_mutation
239,W,viable_mutation
239,Y,viable_mutation
240,A,viable_mutation
240,T,viable_mutation
241,A,viable_mutation
241,D,viable_mutation
241,E,viable_mutation
241,F,viable_mutation
241,G,viable_mutation
241,H,viable_mutation
241,I,viable_mutation
241,K,viable_mutation
241,L,viable_mutation
241,M,viable_mutation
241,N,viable_mutation
241,P,viable_mutation
241,Q,viable_mutation
241,S,viable_mutation
241,T,viable_mutation
241,V,viable_mutation
241,W,viable_mutation
241,Y,viable_mutation
242,L,viable_mutation
242,R,viable_mutation
242,V,viable_mutation
243,A,viable_mutation
243,D,viable_mutation
243,E,viable_mutation
243,F,viable_mutation
243,H,viable_mutation
243,I,viable_mutation
243,K,viable_mutation
243,L,viable_mutation
243,M,viable_mutation
243,N,viable_mutation
243,P,viable_mutation
243,Q,viable_mutation
243,S,viable_mutation
243,V,viable_mutation
243,W,viable_mutation
243,Y,viable_mutation
244,E,viable_mutation
244,G,viable_mutation
244,N,viable_mutation
244,T,viable_mutation
245,F,viable_mutation
245,H,viable_mutation
245,L,viable_mutation
245,M,viable_mutation
245,N,viable_mutation
245,Q,viable_mutation
245,S,viable_mutation
245,T,viable_mutation
245,V,viable_mutation
246,A,viable_mutation
246,D,viable_mutation
246,E,viable_mutation
246,G,viable_mutation
246,H,viable_mutation
246,I,viable_mutation
246,M,viable_mutation
246,N,viable_mutation
246,Q,viable_mutation
246,S,viable_mutation
246,T,viable_mutation
246,V,viable_mutation
247,A,viable_mutation
248,F,viable_mutation
248,G,viable_mutation
249,V,viable_mutation
250,D,viable_mutation
250,I,viable_mutation
250,Q,viable_mutation
250,T,viable_mutation
250,V,viable_mutation
252,H,viable_mutation
253,F,viable_mutation
253,H,viable_mutation
253,Y,viable_mutation
255,V,viable_mutation
257,A,viable_mutation
257,P,viable_mutation
257,Q,viable_mutation
257,R,viable_mutation
261,A,viable_mutation
261,C,viable_mutation
261,D,viable_mutation
261,E,viable_mutation
261,M,viable_mutation
261,Q,viable_mutation
261,S,viable_mutation
261,T,viable_mutation
261,V,viable_mutation
263,A,viable_mutation
263,C,viable_mutation
263,E,viable_mutation
263,F,viable_mutation
263,H,viable_mutation
263,I,viable_mutation
263,M,viable_mutation
263,N,viable_mutation
263,Q,viable_mutation
263,S,viable_mutation
263,Y,viable_mutation
266,A,viable_mutation
266,F,viable_mutation
266,H,viable_mutation
266,T,viable_mutation
270,F,viable_mutation
277,Y,viable_mutation
278,P,viable_mutation
278,R,viable_mutation
278,V,viable_mutation
279,L,viable_mutation
279,M,viable_mutation
279,V,viable_mutation
280,A,viable_mutation
280,G,viable_mutation
280,H,viable_mutation
280,I,viable_mutation
280,K,viable_mutation
280,L,viable_mutation
280,M,viable_mutation
280,N,viable_mutation
280,Q,viable_mutation
280,S,viable_mutation
280,T,viable_mutation
280,V,viable_mutation
280,Y,viable_mutation
281,A,viable_mutation
281,D,viable_mutation
281,E,viable_mutation
281,G,viable_mutation
281,H,viable_mutation
281,K,viable_mutation
281,M,viable_mutation
281,N,viable_mutation
281,P,viable_mutation
281,Q,viable_mutation
281,R,viable_mutation
281,T,viable_mutation
281,Y,viable_mutation
283,A,viable_mutation
283,D,viable_mutation
283,G,viable_mutation
283,H,viable_mutation
283,N,viable_mutation
283,Q,viable_mutation
283,R,viable_mutation
283,S,viable_mutation
283,T,viable_mutation
284,A,viable_mutation
285,T,viable_mutation
286,V,viable_mutation
287,I,viable_mutation
287,L,viable_mutation
288,H,viable_mutation
288,I,viable_mutation
288,K,viable_mutation
288,L,viable_mutation
288,M,viable_mutation
288,Q,viable_mutation
288,T,viable_mutation
288,V,viable_mutation
289,T,viable_mutation
290,N,viable_mutation
291,H,viable_mutation
291,L,viable_mutation
291,M,viable_mutation
292,K,viable_mutation
294,A,viable_mutation
294,C,viable_mutation
294,D,viable_mutation
294,H,viable_mutation
294,I,viable_mutation
294,K,viable_mutation
294,L,viable_mutation
294,M,viable_mutation
294,Q,viable_mutation
294,R,viable_mutation
294,S,viable_mutation
294,T,viable_mutation
294,V,viable_mutation
295,E,viable_mutation
295,H,viable_mutation
295,I,viable_mutation
295,L,viable_mutation
295,M,viable_mutation
295,N,viable_mutation
295,Q,viable_mutation
295,R,viable_mutation
295,S,viable_mutation
295,T,viable_mutation
295,V,viable_mutation
297,A,viable_mutation
297,D,viable_mutation
297,E,viable_mutation
297,F,viable_mutation
297,H,viable_mutation
297,I,viable_mutation
297,L,viable_mutation
297,M,viable_mutation
297,N,viable_mutation
297,Q,viable_mutation
297,R,viable_mutation
297,S,viable_mutation
297,T,viable_mutation
297,V,viable_mutation
297,W,viable_mutation
297,Y,viable_mutation
298,A,viable_mutation
298,C,viable_mutation
298,D,viable_mutation
298,E,viable_mutation
298,F,viable_mutation
298,G,viable_mutation
298,H,viable_mutation
298,I,viable_mutation
298,K,viable_mutation
298,L,viable_mutation
298,M,viable_mutation
298,N,viable_mutation
298,Q,viable_mutation
298,R,viable_mutation
298,V,viable_mutation
298,Y,viable_mutation
299,A,viable_mutation
299,D,viable_mutation
299,F,viable_mutation
299,G,viable_mutation
299,H,viable_mutation
299,I,viable_mutation
299,L,viable_mutation
299,M,viable_mutation
299,N,viable_mutation
299,P,viable_mutation
299,Q,viable_mutation
299,S,viable_mutation
299,T,viable_mutation
299,V,viable_mutation
299,W,viable_mutation
301,H,viable_mutation
301,V,viable_mutation
302,S,viable_mutation
303,A,viable_mutation
307,L,viable_mutation
307,M,viable_mutation
308,A,viable_mutation
308,E,viable_mutation
308,H,viable_mutation
308,S,viable_mutation
309,A,viable_mutation
309,G,viable_mutation
309,T,viable_mutation
309,V,viable_mutation
310,A,viable_mutation
310,E,viable_mutation
310,G,viable_mutation
310,H,viable_mutation
310,I,viable_mutation
310,M,viable_mutation
310,N,viable_mutation
310,Q,viable_mutation
310,S,viable_mutation
310,T,viable_mutation
310,V,viable_mutation
310,Y,viable_mutation
311,L,viable_mutation
311,R,viable_mutation
315,H,viable_mutation
315,S,viable_mutation
316,I,viable_mutation
316,L,viable_mutation
317,H,viable_mutation
318,H,viable_mutation
318,K,viable_mutation
318,M,viable_mutation
318,P,viable_mutation
318,Q,viable_mutation
318,S,viable_mutation
318,T,viable_mutation
319,A,viable_mutation
319,D,viable_mutation
319,H,viable_mutation
319,Q,viable_mutation
319,T,viable_mutation
319,V,viable_mutation
319,W,viable_mutation
320,A,viable_mutation
320,H,viable_mutation
320,S,viable_mutation
321,F,viable_mutation
323,D,viable_mutation
323,F,viable_mutation
323,H,viable_mutation
323,K,viable_mutation
323,L,viable_mutation
323,M,viable_mutation
323,N,viable_mutation
323,R,viable_mutation
323,S,viable_mutation
323,T,viable_mutation
326,A,viable_mutation
326,F,viable_mutation
326,H,viable_mutation
326,I,viable_mutation
326,K,viable_mutation
326,L,viable_mutation
326,M,viable_mutation
326,P,viable_mutation
326,Q,viable_mutation
326,S,viable_mutation
326,T,viable_mutation
326,V,viable_mutation
326,W,viable_mutation
326,Y,viable_mutation
327,F,viable_mutation
328,I,viable_mutation
329,H,viable_mutation
329,I,viable_mutation
329,L,viable_mutation
329,N,viable_mutation
329,R,viable_mutation
329,T,viable_mutation
329,V,viable_mutation
330,A,viable_mutation
330,H,viable_mutation
330,L,viable_mutation
330,M,viable_mutation
330,S,viable_mutation
330,V,viable_mutation
331,A,viable_mutation
331,D,viable_mutation
331,E,viable_mutation
331,G,viable_mutation
331,K,viable_mutation
331,M,viable_mutation
331,P,viable_mutation
331,Q,viable_mutation
331,R,viable_mutation
331,S,viable_mutation
331,T,viable_mutation
331,Y,viable_mutation
332,H,viable_mutation
332,S,viable_mutation
333,I,viable_mutation
334,L,viable_mutation
334,M,viable_mutation
334,R,viable_mutation
337,L,viable_mutation
337,M,viable_mutation
337,V,viable_mutation
342,C,viable_mutation
342,F,viable_mutation
342,H,viable_mutation
342,I,viable_mutation
342,K,viable_mutation
342,L,viable_mutation
342,M,viable_mutation
342,N,viable_mutation
342,R,viable_mutation
342,S,viable_mutation
342,T,viable_mutation
342,W,viable_mutation
342,Y,viable_mutation
343,A,viable_mutation
343,H,viable_mutation
343,K,viable_mutation
343,M,viable_mutation
343,N,viable_mutation
343,Q,viable_mutation
343,R,viable_mutation
344,D,viable_mutation
344,S,viable_mutation
345,A,viable_mutation
345,F,viable_mutation
345,H,viable_mutation
345,I,viable_mutation
345,L,viable_mutation
345,Q,viable_mutation
345,R,viable_mutation
345,S,viable_mutation
345,T,viable_mutation
345,V,viable_mutation
345,Y,viable_mutation
346,A,viable_mutation
346,E,viable_mutation
346,K,viable_mutation
346,N,viable_mutation
346,R,viable_mutation
346,S,viable_mutation
346,T,viable_mutation
347,A,viable_mutation
347,C,viable_mutation
347,D,viable_mutation
347,F,viable_mutation
347,G,viable_mutation
347,M,viable_mutation
347,P,viable_mutation
347,Q,viable_mutation
347,S,viable_mutation
347,V,viable_mutation
347,Y,viable_mutation
348,K,viable_mutation
349,A,viable_mutation
350,A,viable_mutation
350,F,viable_mutation
350,L,viable_mutation
350,M,viable_mutation
350,V,viable_mutation
351,I,viable_mutation
351,L,viable_mutation
352,A,viable_mutation
352,K,viable_mutation
352,M,viable_mutation
352,R,viable_mutation
352,S,viable_mutation
352,T,viable_mutation
353,L,viable_mutation
353,M,viable_mutation
353,S,viable_mutation
354,L,viable_mutation
354,M,viable_mutation
354,V,viable_mutation
358,L,viable_mutation
360,H,viable_mutation
360,Y,viable_mutation
363,C,viable_mutation
363,D,viable_mutation
363,F,viable_mutation
363,L,viable_mutation
363,M,viable_mutation
363,N,viable_mutation
363,S,viable_mutation
363,T,viable_mutation
363,V,viable_mutation
363,Y,viable_mutation
364,C,viable_mutation
365,F,viable_mutation
365,L,viable_mutation
366,A,viable_mutation
366,C,viable_mutation
366,E,viable_mutation
366,F,viable_mutation
366,H,viable_mutation
366,I,viable_mutation
366,K,viable_mutation
366,L,viable_mutation
366,M,viable_mutation
366,N,viable_mutation
366,Q,viable_mutation
366,R,viable_mutation
366,S,viable_mutation
366,T,viable_mutation
366,Y,viable_mutation
372,W,viable_mutation
372,Y,viable_mutation
373,M,viable_mutation
373,Q,viable_mutation
375,A,viable_mutation
375,C,viable_mutation
375,D,viable_mutation
375,E,viable_mutation
375,F,viable_mutation
375,H,viable_mutation
375,I,viable_mutation
375,K,viable_mutation
375,L,viable_mutation
375,M,viable_mutation
375,S,viable_mutation
375,T,viable_mutation
375,V,viable_mutation
375,W,viable_mutation
375,Y,viable_mutation
377,A,viable_mutation
377,C,viable_mutation
377,D,viable_mutation
377,E,viable_mutation
377,F,viable_mutation
377,G,viable_mutation
377,H,viable_mutation
377,I,viable_mutation
377,L,viable_mutation
377,M,viable_mutation
377,N,viable_mutation
377,Q,viable_mutation
377,T,viable_mutation
377,V,viable_mutation
377,Y,viable_mutation
378,D,viable_mutation
378,Q,viable_mutation
380,A,viable_mutation
380,E,viable_mutation
380,F,viable_mutation
380,G,viable_mutation
380,H,viable_mutation
380,I,viable_mutation
380,K,viable_mutation
380,L,viable_mutation
380,M,viable_mutation
380,N,viable_mutation
380,Q,viable_mutation
380,S,viable_mutation
380,T,viable_mutation
380,V,viable_mutation
380,W,viable_mutation
380,Y,viable_mutation
382,E,viable_mutation
382,F,viable_mutation
382,M,viable_mutation
382,T,viable_mutation
382,Y,viable_mutation
383,S,viable_mutation
383,V,viable_mutation
384,Q,viable_mutation
386,A,viable_mutation
386,E,viable_mutation
386,F,viable_mutation
386,H,viable_mutation
386,I,viable_mutation
386,K,viable_mutation
386,M,viable_mutation
386,Q,viable_mutation
386,R,viable_mutation
386,V,viable_mutation
386,W,viable_mutation
386,Y,viable_mutation
387,A,viable_mutation
387,D,viable_mutation
387,E,viable_mutation
387,F,viable_mutation
387,G,viable_mutation
387,H,viable_mutation
387,I,viable_mutation
387,L,viable_mutation
387,M,viable_mutation
387,P,viable_mutation
387,Q,viable_mutation
387,R,viable_mutation
387,S,viable_mutation
387,T,viable_mutation
387,V,viable_mutation
387,W,viable_mutation
387,Y,viable_mutation
388,A,viable_mutation
388,H,viable_mutation
388,T,viable_mutation
390,A,viable_mutation
390,N,viable_mutation
390,R,viable_mutation
390,S,viable_mutation
390,T,viable_mutation
391,C,viable_mutation
391,D,viable_mutation
391,E,viable_mutation
391,F,viable_mutation
391,H,viable_mutation
391,K,viable_mutation
391,L,viable_mutation
391,M,viable_mutation
391,N,viable_mutation
391,Q,viable_mutation
391,R,viable_mutation
391,S,viable_mutation
391,T,viable_mutation
391,V,viable_mutation
391,W,viable_mutation
391,Y,viable_mutation
392,C,viable_mutation
392,I,viable_mutation
392,S,viable_mutation
392,T,viable_mutation
392,V,viable_mutation
393,A,viable_mutation
393,E,viable_mutation
393,H,viable_mutation
393,L,viable_mutation
393,M,viable_mutation
393,Q,viable_mutation
393,R,viable_mutation
393,S,viable_mutation
393,T,viable_mutation
393,V,viable_mutation
393,W,viable_mutation
393,Y,viable_mutation
394,A,viable_mutation
394,E,viable_mutation
394,G,viable_mutation
394,H,viable_mutation
394,M,viable_mutation
394,N,viable_mutation
394,Q,viable_mutation
394,S,viable_mutation
394,T,viable_mutation
395,A,viable_mutation
395,E,viable_mutation
395,G,viable_mutation
395,H,viable_mutation
395,I,viable_mutation
395,K,viable_mutation
395,L,viable_mutation
395,M,viable_mutation
395,S,viable_mutation
395,T,viable_mutation
395,V,viable_mutation
395,Y,viable_mutation
396,L,viable_mutation
396,V,viable_mutation
397,A,viable_mutation
397,D,viable_mutation
397,E,viable_mutation
397,G,viable_mutation
397,H,viable_mutation
397,Q,viable_mutation
397,R,viable_mutation
397,S,viable_mutation
397,W,viable_mutation
398,D,viable_mutation
398,E,viable_mutation
398,H,viable_mutation
398,K,viable_mutation
398,M,viable_mutation
398,N,viable_mutation
398,P,viable_mutation
398,Q,viable_mutation
398,R,viable_mutation
398,S,viable_mutation
398,T,viable_mutation
398,V,viable_mutation
398,W,viable_mutation
398,Y,viable_mutation
399,A,viable_mutation
399,D,viable_mutation
399,G,viable_mutation
399,N,viable_mutation
399,Q,viable_mutation
400,F,viable_mutation
400,I,viable_mutation
400,M,viable_mutation
400,V,viable_mutation
400,W,viable_mutation
400,Y,viable_mutation
401,A,viable_mutation
401,D,viable_mutation
401,E,viable_mutation
401,G,viable_mutation
401,K,viable_mutation
401,R,viable_mutation
401,S,viable_mutation
401,T,viable_mutation
402,A,viable_mutation
402,G,viable_mutation
402,H,viable_mutation
402,K,viable_mutation
402,M,viable_mutation
402,N,viable_mutation
402,S,viable_mutation
402,T,viable_mutation
403,F,viable_mutation
403,I,viable_mutation
403,M,viable_mutation
403,V,viable_mutation
403,W,viable_mutation
404,L,viable_mutation
404,M,viable_mutation
404,T,viable_mutation
404,V,viable_mutation
405,A,viable_mutation
405,C,viable_mutation
405,D,viable_mutation
405,E,viable_mutation
405,F,viable_mutation
405,H,viable_mutation
405,I,viable_mutation
405,K,viable_mutation
405,L,viable_mutation
405,M,viable_mutation
405,N,viable_mutation
405,P,viable_mutation
405,Q,viable_mutation
405,S,viable_mutation
405,T,viable_mutation
405,V,viable_mutation
405,W,viable_mutation
405,Y,viable_mutation
406,A,viable_mutation
406,D,viable_mutation
406,H,viable_mutation
406,N,viable_mutation
406,Q,viable_mutation
406,R,viable_mutation
406,T,viable_mutation
406,V,viable_mutation
407,A,viable_mutation
407,E,viable_mutation
407,G,viable_mutation
407,K,viable_mutation
407,P,viable_mutation
407,Q,viable_mutation
407,S,viable_mutation
407,V,viable_mutation
407,Y,viable_mutation
408,D,viable_mutation
408,G,viable_mutation
408,Q,viable_mutation
408,S,viable_mutation
408,T,viable_mutation
409,A,viable_mutation
409,D,viable_mutation
409,F,viable_mutation
409,H,viable_mutation
409,I,viable_mutation
409,L,viable_mutation
409,M,viable_mutation
409,N,viable_mutation
409,P,viable_mutation
409,Q,viable_mutation
409,R,viable_mutation
409,S,viable_mutation
409,T,viable_mutation
409,V,viable_mutation
409,Y,viable_mutation
410,E,viable_mutation
410,G,viable_mutation
410,H,viable_mutation
410,M,viable_mutation
410,N,viable_mutation
410,Q,viable_mutation
410,R,viable_mutation
411,S,viable_mutation
411,W,viable_mutation
411,Y,viable_mutation
413,A,viable_mutation
413,E,viable_mutation
413,G,viable_mutation
413,H,viable_mutation
413,S,viable_mutation
413,T,viable_mutation
416,D,viable_mutation
417,D,viable_mutation
417,S,viable_mutation
418,D,viable_mutation
418,E,viable_mutation
418,H,viable_mutation
418,W,viable_mutation
418,Y,viable_mutation
419,A,viable_mutation
419,C,viable_mutation
419,D,viable_mutation
419,E,viable_mutation
419,G,viable_mutation
419,H,viable_mutation
419,I,viable_mutation
419,L,viable_mutation
419,M,viable_mutation
419,N,viable_mutation
419,P,viable_mutation
419,Q,viable_mutation
419,R,viable_mutation
419,T,viable_mutation
419,V,viable_mutation
419,Y,viable_mutation
420,D,viable_mutation
420,F,viable_mutation
420,G,viable_mutation
420,I,viable_mutation
420,K,viable_mutation
420,L,viable_mutation
420,M,viable_mutation
420,N,viable_mutation
420,Q,viable_mutation
420,S,viable_mutation
420,T,viable_mutation
420,V,viable_mutation
420,W,viable_mutation
420,Y,viable_mutation
421,A,viable_mutation
421,F,viable_mutation
421,H,viable_mutation
421,I,viable_mutation
421,K,viable_mutation
421,L,viable_mutation
421,M,viable_mutation
421,N,viable_mutation
421,Q,viable_mutation
421,R,viable_mutation
421,S,viable_mutation
421,T,viable_mutation
421,W,viable_mutation
422,A,viable_mutation
422,M,viable_mutation
422,Q,viable_mutation
423,N,viable_mutation
423,P,viable_mutation
423,V,viable_mutation
424,C,viable_mutation
425,I,viable_mutation
425,L,viable_mutation
425,M,viable_mutation
425,Q,viable_mutation
425,T,viable_mutation
425,W,viable_mutation
425,Y,viable_mutation
426,M,viable_mutation
428,I,viable_mutation
428,N,viable_mutation
428,V,viable_mutation
429,I,viable_mutation
429,M,viable_mutation
430,C,viable_mutation
430,E,viable_mutation
430,L,viable_mutation
430,N,viable_mutation
430,Q,viable_mutation
430,R,viable_mutation
430,S,viable_mutation
430,T,viable_mutation
430,V,viable_mutation
430,Y,viable_mutation
431,M,viable_mutation
432,I,viable_mutation
432,M,viable_mutation
432,N,viable_mutation
432,T,viable_mutation
434,G,viable_mutation
434,T,viable_mutation
435,A,viable_mutation
435,C,viable_mutation
435,E,viable_mutation
435,S,viable_mutation
435,V,viable_mutation
436,T,viable_mutation
437,T,viable_mutation
437,V,viable_mutation
438,E,viable_mutation
439,I,viable_mutation
439,M,viable_mutation
442,A,viable_mutation
442,F,viable_mutation
442,K,viable_mutation
445,D,viable_mutation
446,M,viable_mutation
446,Q,viable_mutation
446,T,viable_mutation
446,V,viable_mutation
447,A,viable_mutation
447,I,viable_mutation
447,M,viable_mutation
447,Q,viable_mutation
447,V,viable_mutation
448,T,viable_mutation
449,K,viable_mutation
449,L,viable_mutation
449,M,viable_mutation
449,N,viable_mutation
449,Q,viable_mutation
449,R,viable_mutation
449,S,viable_mutation
449,T,viable_mutation
450,F,viable_mutation
450,I,viable_mutation
450,M,viable_mutation
450,T,viable_mutation
450,V,viable_mutation
450,W,viable_mutation
450,Y,viable_mutation
451,N,viable_mutation
453,E,viable_mutation
453,T,viable_mutation
454,E,viable_mutation
454,M,viable_mutation
454,Q,viable_mutation
456,L,viable_mutation
456,V,viable_mutation
457,A,viable_mutation
457,E,viable_mutation
457,H,viable_mutation
457,Q,viable_mutation
458,A,viable_mutation
458,F,viable_mutation
458,M,viable_mutation
458,V,viable_mutation
458,W,viable_mutation
458,Y,viable_mutation
459,F,viable_mutation
459,L,viable_mutation
460,A,viable_mutation
461,A,viable_mutation
461,D,viable_mutation
461,E,viable_mutation
461,F,viable_mutation
461,G,viable_mutation
461,H,viable_mutation
461,I,viable_mutation
461,K,viable_mutation
461,L,viable_mutation
461,M,viable_mutation
461,N,viable_mutation
461,Q,viable_mutation
461,R,viable_mutation
461,T,viable_mutation
461,W,viable_mutation
461,Y,viable_mutation
462,A,viable_mutation
462,F,viable_mutation
462,K,viable_mutation
462,L,viable_mutation
462,Q,viable_mutation
462,S,viable_mutation
462,T,viable_mutation
462,V,viable_mutation
462,Y,viable_mutation
463,P,viable_mutation
463,W,viable_mutation
464,A,viable_mutation
464,C,viable_mutation
464,E,viable_mutation
464,G,viable_mutation
464,I,viable_mutation
464,K,viable_mutation
464,L,viable_mutation
464,M,viable_mutation
464,Q,viable_mutation
464,R,viable_mutation
464,S,viable_mutation
464,T,viable_mutation
464,V,viable_mutation
464,Y,viable_mutation
465,A,viable_mutation
465,H,viable_mutation
465,I,viable_mutation
465,L,viable_mutation
465,N,viable_mutation
465,Q,viable_mutation
465,R,viable_mutation
465,S,viable_mutation
467,E,viable_mutation
467,W,viable_mutation
467,Y,viable_mutation
468,A,viable_mutation
468,D,viable_mutation
468,I,viable_mutation
468,L,viable_mutation
468,M,viable_mutation
468,Q,viable_mutation
468,S,viable_mutation
468,T,viable_mutation
468,V,viable_mutation
468,Y,viable_mutation
469,A,viable_mutation
469,D,viable_mutation
469,E,viable_mutation
469,F,viable_mutation
469,G,viable_mutation
469,H,viable_mutation
469,L,viable_mutation
469,M,viable_mutation
469,N,viable_mutation
469,Q,viable_mutation
469,R,viable_mutation
469,S,viable_mutation
469,T,viable_mutation
469,V,viable_mutation
469,Y,viable_mutation
470,V,viable_mutation
471,E,viable_mutation
471,R,viable_mutation
471,S,viable_mutation
472,A,viable_mutation
472,D,viable_mutation
472,E,viable_mutation
472,F,viable_mutation
472,G,viable_mutation
472,H,viable_mutation
472,I,viable_mutation
472,L,viable_mutation
472,M,viable_mutation
472,N,viable_mutation
472,Q,viable_mutation
472,R,viable_mutation
472,S,viable_mutation
472,T,viable_mutation
472,V,viable_mutation
472,W,viable_mutation
472,Y,viable_mutation
473,A,viable_mutation
473,F,viable_mutation
473,I,viable_mutation
473,K,viable_mutation
473,L,viable_mutation
473,M,viable_mutation
473,N,viable_mutation
473,S,viable_mutation
473,T,viable_mutation
473,V,viable_mutation
475,E,viable_mutation
475,G,viable_mutation
475,H,viable_mutation
475,S,viable_mutation
478,D,viable_mutation
478,I,viable_mutation
479,F,viable_mutation
479,T,viable_mutation
479,V,viable_mutation
480,C,viable_mutation
480,G,viable_mutation
480,I,viable_mutation
480,N,viable_mutation
481,I,viable_mutation
481,L,viable_mutation
481,Q,viable_mutation
481,T,viable_mutation
482,C,viable_mutation
482,S,viable_mutation
483,T,viable_mutation
483,V,viable_mutation
485,L,viable_mutation
485,W,viable_mutation
486,L,viable_mutation
487,F,viable_mutation
487,H,viable_mutation
487,L,viable_mutation
487,M,viable_mutation
487,Q,viable_mutation
487,R,viable_mutation
487,T,viable_mutation
487,Y,viable_mutation
488,L,viable_mutation
488,N,viable_mutation
489,F,viable_mutation
489,H,viable_mutation
489,K,viable_mutation
489,N,viable_mutation
489,W,viable_mutation
490,C,viable_mutation
490,N,viable_mutation
490,R,viable_mutation
491,A,viable_mutation
491,E,viable_mutation
491,F,viable_mutation
491,G,viable_mutation
491,H,viable_mutation
491,L,viable_mutation
491,M,viable_mutation
491,N,viable_mutation
491,P,viable_mutation
491,Q,viable_mutation
491,R,viable_mutation
491,S,viable_mutation
491,T,viable_mutation
491,V,viable_mutation
491,Y,viable_mutation
493,P,viable_mutation
494,D,viable_mutation
495,D,viable_mutation
495,E,viable_mutation
495,F,viable_mutation
495,G,viable_mutation
495,H,viable_mutation
495,I,viable_mutation
495,K,viable_mutation
495,L,viable_mutation
495,M,viable_mutation
495,N,viable_mutation
495,Q,viable_mutation
495,R,viable_mutation
495,S,viable_mutation
495,T,viable_mutation
495,V,viable_mutation
495,W,viable_mutation
495,Y,viable_mutation
496,Y,viable_mutation
497,M,viable_mutation
498,A,viable_mutation
498,C,viable_mutation
498,D,viable_mutation
498,E,viable_mutation
498,F,viable_mutation
498,H,viable_mutation
498,I,viable_mutation
498,K,viable_mutation
498,L,viable_mutation
498,M,viable_mutation
498,N,viable_mutation
498,Q,viable_mutation
498,R,viable_mutation
498,S,viable_mutation
498,T,viable_mutation
498,V,viable_mutation
498,W,viable_mutation
498,Y,viable_mutation
499,A,viable_mutation
499,E,viable_mutation
499,G,viable_mutation
499,L,viable_mutation
499,M,viable_mutation
499,Q,viable_mutation
499,R,viable_mutation
499,T,viable_mutation
500,W,viable_mutation
501,C,viable_mutation
501,I,viable_mutation
501,L,viable_mutation
501,M,viable_mutation
501,Q,viable_mutation
501,T,viable_mutation
501,V,viable_mutation
501,Y,viable_mutation
502,Q,viable_mutation
503,D,viable_mutation
503,F,viable_mutation
503,G,viable_mutation
503,N,viable_mutation
503,P,viable_mutation
504,V,viable_mutation
505,F,viable_mutation
505,H,viable_mutation
506,A,viable_mutation
506,I,viable_mutation
506,K,viable_mutation
506,L,viable_mutation
506,M,viable_mutation
506,N,viable_mutation
506,Q,viable_mutation
506,R,viable_mutation
506,S,viable_mutation
506,T,viable_mutation
506,V,viable_mutation
506,Y,viable_mutation
507,A,viable_mutation
507,E,viable_mutation
507,I,viable_mutation
507,P,viable_mutation
507,S,viable_mutation
507,T,viable_mutation
507,V,viable_mutation
508,A,viable_mutation
508,D,viable_mutation
508,E,viable_mutation
508,F,viable_mutation
508,G,viable_mutation
508,H,viable_mutation
508,I,viable_mutation
508,K,viable_mutation
508,L,viable_mutation
508,M,viable_mutation
508,Q,viable_mutation
508,R,viable_mutation
508,S,viable_mutation
508,T,viable_mutation
508,V,viable_mutation
508,W,viable_mutation
508,Y,viable_mutation
509,A,viable_mutation
509,D,viable_mutation
509,F,viable_mutation
509,G,viable_mutation
509,H,viable_mutation
509,I,viable_mutation
509,K,viable_mutation
509,L,viable_mutation
509,M,viable_mutation
509,N,viable_mutation
509,P,viable_mutation
509,Q,viable_mutation
509,R,viable_mutation
509,S,viable_mutation
509,T,viable_mutation
509,W,viable_mutation
509,Y,viable_mutation
510,F,viable_mutation
510,W,viable_mutation
511,D,viable_mutation
511,N,viable_mutation
512,A,viable_mutation
512,E,viable_mutation
512,F,viable_mutation
512,G,viable_mutation
512,H,viable_mutation
512,I,viable_mutation
512,K,viable_mutation
512,L,viable_mutation
512,M,viable_mutation
512,N,viable_mutation
512,P,viable_mutation
512,Q,viable_mutation
512,R,viable_mutation
512,S,viable_mutation
512,T,viable_mutation
512,V,viable_mutation
512,Y,viable_mutation
513,I,viable_mutation
515,F,viable_mutation
515,I,viable_mutation
515,M,viable_mutation
515,R,viable_mutation
515,V,viable_mutation
516,A,viable_mutation
516,C,viable_mutation
516,D,viable_mutation
516,E,viable_mutation
516,F,viable_mutation
516,G,viable_mutation
516,H,viable_mutation
516,I,viable_mutation
516,K,viable_mutation
516,L,viable_mutation
516,M,viable_mutation
516,Q,viable_mutation
516,R,viable_mutation
516,S,viable_mutation
516,T,viable_mutation
516,V,viable_mutation
516,W,viable_mutation
516,Y,viable_mutation
517,H,viable_mutation
517,K,viable_mutation
517,R,viable_mutation
517,T,viable_mutation
517,V,viable_mutation
517,Y,viable_mutation
519,A,viable_mutation
519,L,viable_mutation
519,M,viable_mutation
519,W,viable_mutation
519,Y,viable_mutation
520,A,viable_mutation
520,D,viable_mutation
520,E,viable_mutation
520,F,viable_mutation
520,G,viable_mutation
520,H,viable_mutation
520,K,viable_mutation
520,L,viable_mutation
520,M,viable_mutation
520,N,viable_mutation
520,P,viable_mutation
520,R,viable_mutation
520,S,viable_mutation
520,T,viable_mutation
520,V,viable_mutation
520,W,viable_mutation
520,Y,viable_mutation
521,L,viable_mutation
521,V,viable_mutation
522,A,viable_mutation
522,C,viable_mutation
522,D,viable_mutation
522,E,viable_mutation
522,F,viable_mutation
522,G,viable_mutation
522,H,viable_mutation
522,I,viable_mutation
522,L,viable_mutation
522,M,viable_mutation
522,N,viable_mutation
522,P,viable_mutation
522,Q,viable_mutation
522,R,viable_mutation
522,S,viable_mutation
522,T,viable_mutation
522,V,viable_mutation
522,W,viable_mutation
522,Y,viable_mutation
523,A,viable_mutation
523,C,viable_mutation
523,E,viable_mutation
523,F,viable_mutation
523,H,viable_mutation
523,I,viable_mutation
523,K,viable_mutation
523,L,viable_mutation
523,M,viable_mutation
523,N,viable_mutation
523,P,viable_mutation
523,Q,viable_mutation
523,R,viable_mutation
523,S,viable_mutation
523,T,viable_mutation
523,V,viable_mutation
523,W,viable_mutation
523,Y,viable_mutation
111,A,epitope_mutation
111,C,epitope_mutation
111,D,epitope_mutation
111,E,epitope_mutation
111,F,epitope_mutation
111,G,epitope_mutation
111,H,epitope_mutation
111,I,epitope_mutation
111,K,epitope_mutation
111,L,epitope_mutation
111,M,epitope_mutation
111,N,epitope_mutation
111,P,epitope_mutation
111,Q,epitope_mutation
111,R,epitope_mutation
111,S,epitope_mutation
111,T,epitope_mutation
111,V,epitope_mutation
111,W,epitope_mutation
111,Y,epitope_mutation
111,*,epitope_mutation
140,A,epitope_mutation
140,C,epitope_mutation
140,D,epitope_mutation
140,E,epitope_mutation
140,F,epitope_mutation
140,G,epitope_mutation
140,H,epitope_mutation
140,I,epitope_mutation
140,K,epitope_mutation
140,L,epitope_mutation
140,M,epitope_mutation
140,N,epitope_mutation
140,P,epitope_mutation
140,Q,epitope_mutation
140,R,epitope_mutation
140,S,epitope_mutation
140,T,epitope_mutation
140,V,epitope_mutation
140,W,epitope_mutation
140,Y,epitope_mutation
140,*,epitope_mutation
147,A,epitope_mutation
147,C,epitope_mutation
147,D,epitope_mutation
147,E,epitope_mutation
147,F,epitope_mutation
147,G,epitope_mutation
147,H,epitope_mutation
147,I,epitope_mutation
147,K,epitope_mutation
147,L,epitope_mutation
147,M,epitope_mutation
147,N,epitope_mutation
147,P,epitope_mutation
147,Q,epitope_mutation
147,R,epitope_mutation
147,S,epitope_mutation
147,T,epitope_mutation
147,V,epitope_mutation
147,W,epitope_mutation
147,Y,epitope_mutation
147,*,epitope_mutation
150,A,epitope_mutation
150,C,epitope_mutation
150,D,epitope_mutation
150,E,epitope_mutation
150,F,epitope_mutation
150,G,epitope_mutation
150,H,epitope_mutation
150,I,epitope_mutation
150,K,epitope_mutation
150,L,epitope_mutation
150,M,epitope_mutation
150,N,epitope_mutation
150,P,epitope_mutation
150,Q,epitope_mutation
150,R,epitope_mutation
150,S,epitope_mutation
150,T,epitope_mutation
150,V,epitope_mutation
150,W,epitope_mutation
150,Y,epitope_mutation
150,*,epitope_mutation
154,A,epitope_mutation
154,C,epitope_mutation
154,D,epitope_mutation
154,E,epitope_mutation
154,F,epitope_mutation
154,G,epitope_mutation
154,H,epitope_mutation
154,I,epitope_mutation
154,K,epitope_mutation
154,L,epitope_mutation
154,M,epitope_mutation
154,N,epitope_mutation
154,P,epitope_mutation
154,Q,epitope_mutation
154,R,epitope_mutation
154,S,epitope_mutation
154,T,epitope_mutation
154,V,epitope_mutation
154,W,epitope_mutation
154,Y,epitope_mutation
154,*,epitope_mutation
157,A,epitope_mutation
157,C,epitope_mutation
157,D,epitope_mutation
157,E,epitope_mutation
157,F,epitope_mutation
157,G,epitope_mutation
157,H,epitope_mutation
157,I,epitope_mutation
157,K,epitope_mutation
157,L,epitope_mutation
157,M,epitope_mutation
157,N,epitope_mutation
157,P,epitope_mutation
157,Q,epitope_mutation
157,R,epitope_mutation
157,S,epitope_mutation
157,T,epitope_mutation
157,V,epitope_mutation
157,W,epitope_mutation
157,Y,epitope_mutation
157,*,epitope_mutation
161,A,epitope_mutation
161,C,epitope_mutation
161,D,epitope_mutation
161,E,epitope_mutation
161,F,epitope_mutation
161,G,epitope_mutation
161,H,epitope_mutation
161,I,epitope_mutation
161,K,epitope_mutation
161,L,epitope_mutation
161,M,epitope_mutation
161,N,epitope_mutation
161,P,epitope_mutation
161,Q,epitope_mutation
161,R,epitope_mutation
161,S,epitope_mutation
161,T,epitope_mutation
161,V,epitope_mutation
161,W,epitope_mutation
161,Y,epitope_mutation
161,*,epitope_mutation
163,A,epitope_mutation
163,C,epitope_mutation
163,D,epitope_mutation
163,E,epitope_mutation
163,F,epitope_mutation
163,G,epitope_mutation
163,H,epitope_mutation
163,I,epitope_mutation
163,K,epitope_mutation
163,L,epitope_mutation
163,M,epitope_mutation
163,N,epitope_mutation
163,P,epitope_mutation
163,Q,epitope_mutation
163,R,epitope_mutation
163,S,epitope_mutation
163,T,epitope_mutation
163,V,epitope_mutation
163,W,epitope_mutation
163,Y,epitope_mutation
163,*,epitope_mutation
178,A,epitope_mutation
178,C,epitope_mutation
178,D,epitope_mutation
178,E,epitope_mutation
178,F,epitope_mutation
178,G,epitope_mutation
178,H,epitope_mutation
178,I,epitope_mutation
178,K,epitope_mutation
178,L,epitope_mutation
178,M,epitope_mutation
178,N,epitope_mutation
178,P,epitope_mutation
178,Q,epitope_mutation
178,R,epitope_mutation
178,S,epitope_mutation
178,T,epitope_mutation
178,V,epitope_mutation
178,W,epitope_mutation
178,Y,epitope_mutation
178,*,epitope_mutation
179,A,epitope_mutation
179,C,epitope_mutation
179,D,epitope_mutation
179,E,epitope_mutation
179,F,epitope_mutation
179,G,epitope_mutation
179,H,epitope_mutation
179,I,epitope_mutation
179,K,epitope_mutation
179,L,epitope_mutation
179,M,epitope_mutation
179,N,epitope_mutation
179,P,epitope_mutation
179,Q,epitope_mutation
179,R,epitope_mutation
179,S,epitope_mutation
179,T,epitope_mutation
179,V,epitope_mutation
179,W,epitope_mutation
179,Y,epitope_mutation
179,*,epitope_mutation
190,A,epitope_mutation
190,C,epitope_mutation
190,D,epitope_mutation
190,E,epitope_mutation
190,F,epitope_mutation
190,G,epitope_mutation
190,H,epitope_mutation
190,I,epitope_mutation
190,K,epitope_mutation
190,L,epitope_mutation
190,M,epitope_mutation
190,N,epitope_mutation
190,P,epitope_mutation
190,Q,epitope_mutation
190,R,epitope_mutation
190,S,epitope_mutation
190,T,epitope_mutation
190,V,epitope_mutation
190,W,epitope_mutation
190,Y,epitope_mutation
190,*,epitope_mutation
205,A,epitope_mutation
205,C,epitope_mutation
205,D,epitope_mutation
205,E,epitope_mutation
205,F,epitope_mutation
205,G,epitope_mutation
205,H,epitope_mutation
205,I,epitope_mutation
205,K,epitope_mutation
205,L,epitope_mutation
205,M,epitope_mutation
205,N,epitope_mutation
205,P,epitope_mutation
205,Q,epitope_mutation
205,R,epitope_mutation
205,S,epitope_mutation
205,T,epitope_mutation
205,V,epitope_mutation
205,W,epitope_mutation
205,Y,epitope_mutation
205,*,epitope_mutation
209,A,epitope_mutation
209,C,epitope_mutation
209,D,epitope_mutation
209,E,epitope_mutation
209,F,epitope_mutation
209,G,epitope_mutation
209,H,epitope_mutation
209,I,epitope_mutation
209,K,epitope_mutation
209,L,epitope_mutation
209,M,epitope_mutation
209,N,epitope_mutation
209,P,epitope_mutation
209,Q,epitope_mutation
209,R,epitope_mutation
209,S,epitope_mutation
209,T,epitope_mutation
209,V,epitope_mutation
209,W,epitope_mutation
209,Y,epitope_mutation
209,*,epitope_mutation
211,A,epitope_mutation
211,C,epitope_mutation
211,D,epitope_mutation
211,E,epitope_mutation
211,F,epitope_mutation
211,G,epitope_mutation
211,H,epitope_mutation
211,I,epitope_mutation
211,K,epitope_mutation
211,L,epitope_mutation
211,M,epitope_mutation
211,N,epitope_mutation
211,P,epitope_mutation
211,Q,epitope_mutation
211,R,epitope_mutation
211,S,epitope_mutation
211,T,epitope_mutation
211,V,epitope_mutation
211,W,epitope_mutation
211,Y,epitope_mutation
211,*,epitope_mutation
212,A,epitope_mutation
212,C,epitope_mutation
212,D,epitope_mutation
212,E,epitope_mutation
212,F,epitope_mutation
212,G,epitope_mutation
212,H,epitope_mutation
212,I,epitope_mutation
212,K,epitope_mutation
212,L,epitope_mutation
212,M,epitope_mutation
212,N,epitope_mutation
212,P,epitope_mutation
212,Q,epitope_mutation
212,R,epitope_mutation
212,S,epitope_mutation
212,T,epitope_mutation
212,V,epitope_mutation
212,W,epitope_mutation
212,Y,epitope_mutation
212,*,epitope_mutation
216,A,epitope_mutation
216,C,epitope_mutation
216,D,epitope_mutation
216,E,epitope_mutation
216,F,epitope_mutation
216,G,epitope_mutation
216,H,epitope_mutation
216,I,epitope_mutation
216,K,epitope_mutation
216,L,epitope_mutation
216,M,epitope_mutation
216,N,epitope_mutation
216,P,epitope_mutation
216,Q,epitope_mutation
216,R,epitope_mutation
216,S,epitope_mutation
216,T,epitope_mutation
216,V,epitope_mutation
216,W,epitope_mutation
216,Y,epitope_mutation
216,*,epitope_mutation
217,A,epitope_mutation
217,C,epitope_mutation
217,D,epitope_mutation
217,E,epitope_mutation
217,F,epitope_mutation
217,G,epitope_mutation
217,H,epitope_mutation
217,I,epitope_mutation
217,K,epitope_mutation
217,L,epitope_mutation
217,M,epitope_mutation
217,N,epitope_mutation
217,P,epitope_mutation
217,Q,epitope_mutation
217,R,epitope_mutation
217,S,epitope_mutation
217,T,epitope_mutation
217,V,epitope_mutation
217,W,epitope_mutation
217,Y,epitope_mutation
217,*,epitope_mutation
280,A,epitope_mutation
280,C,epitope_mutation
280,D,epitope_mutation
280,E,epitope_mutation
280,F,epitope_mutation
280,G,epitope_mutation
280,H,epitope_mutation
280,I,epitope_mutation
280,K,epitope_mutation
280,L,epitope_mutation
280,M,epitope_mutation
280,N,epitope_mutation
280,P,epitope_mutation
280,Q,epitope_mutation
280,R,epitope_mutation
280,S,epitope_mutation
280,T,epitope_mutation
280,V,epitope_mutation
280,W,epitope_mutation
280,Y,epitope_mutation
280,*,epitope_mutation
330,A,epitope_mutation
330,C,epitope_mutation
330,D,epitope_mutation
330,E,epitope_mutation
330,F,epitope_mutation
330,G,epitope_mutation
330,H,epitope_mutation
330,I,epitope_mutation
330,K,epitope_mutation
330,L,epitope_mutation
330,M,epitope_mutation
330,N,epitope_mutation
330,P,epitope_mutation
330,Q,epitope_mutation
330,R,epitope_mutation
330,S,epitope_mutation
330,T,epitope_mutation
330,V,epitope_mutation
330,W,epitope_mutation
330,Y,epitope_mutation
330,*,epitope_mutation
345,A,epitope_mutation
345,C,epitope_mutation
345,D,epitope_mutation
345,E,epitope_mutation
345,F,epitope_mutation
345,G,epitope_mutation
345,H,epitope_mutation
345,I,epitope_mutation
345,K,epitope_mutation
345,L,epitope_mutation
345,M,epitope_mutation
345,N,epitope_mutation
345,P,epitope_mutation
345,Q,epitope_mutation
345,R,epitope_mutation
345,S,epitope_mutation
345,T,epitope_mutation
345,V,epitope_mutation
345,W,epitope_mutation
345,Y,epitope_mutation
345,*,epitope_mutation
81,A,epitope_mutation
81,C,epitope_mutation
81,D,epitope_mutation
81,E,epitope_mutation
81,F,epitope_mutation
81,G,epitope_mutation
81,H,epitope_mutation
81,I,epitope_mutation
81,K,epitope_mutation
81,L,epitope_mutation
81,M,epitope_mutation
81,N,epitope_mutation
81,P,epitope_mutation
81,Q,epitope_mutation
81,R,epitope_mutation
81,S,epitope_mutation
81,T,epitope_mutation
81,V,epitope_mutation
81,W,epitope_mutation
81,Y,epitope_mutation
81,*,epitope_mutation
102,A,epitope_mutation
102,C,epitope_mutation
102,D,epitope_mutation
102,E,epitope_mutation
102,F,epitope_mutation
102,G,epitope_mutation
102,H,epitope_mutation
102,I,epitope_mutation
102,K,epitope_mutation
102,L,epitope_mutation
102,M,epitope_mutation
102,N,epitope_mutation
102,P,epitope_mutation
102,Q,epitope_mutation
102,R,epitope_mutation
102,S,epitope_mutation
102,T,epitope_mutation
102,V,epitope_mutation
102,W,epitope_mutation
102,Y,epitope_mutation
102,*,epitope_mutation
150,A,paired_epitope_mutation
150,C,paired_epitope_mutation
150,D,paired_epitope_mutation
150,E,paired_epitope_mutation
150,F,paired_epitope_mutation
150,G,paired_epitope_mutation
150,H,paired_epitope_mutation
150,I,paired_epitope_mutation
150,K,paired_epitope_mutation
150,L,paired_epitope_mutation
150,M,paired_epitope_mutation
150,N,paired_epitope_mutation
150,P,paired_epitope_mutation
150,Q,paired_epitope_mutation
150,R,paired_epitope_mutation
150,S,paired_epitope_mutation
150,T,paired_epitope_mutation
150,V,paired_epitope_mutation
150,W,paired_epitope_mutation
150,Y,paired_epitope_mutation
150,*,paired_epitope_mutation
154,A,paired_epitope_mutation
154,C,paired_epitope_mutation
154,D,paired_epitope_mutation
154,E,paired_epitope_mutation
154,F,paired_epitope_mutation
154,G,paired_epitope_mutation
154,H,paired_epitope_mutation
154,I,paired_epitope_mutation
154,K,paired_epitope_mutation
154,L,paired_epitope_mutation
154,M,paired_epitope_mutation
154,N,paired_epitope_mutation
154,P,paired_epitope_mutation
154,Q,paired_epitope_mutation
154,R,paired_epitope_mutation
154,S,paired_epitope_mutation
154,T,paired_epitope_mutation
154,V,paired_epitope_mutation
154,W,paired_epitope_mutation
154,Y,paired_epitope_mutation
154,*,paired_epitope_mutation
157,A,paired_epitope_mutation
157,C,paired_epitope_mutation
157,D,paired_epitope_mutation
157,E,paired_epitope_mutation
157,F,paired_epitope_mutation
157,G,paired_epitope_mutation
157,H,paired_epitope_mutation
157,I,paired_epitope_mutation
157,K,paired_epitope_mutation
157,L,paired_epitope_mutation
157,M,paired_epitope_mutation
157,N,paired_epitope_mutation
157,P,paired_epitope_mutation
157,Q,paired_epitope_mutation
157,R,paired_epitope_mutation
157,S,paired_epitope_mutation
157,T,paired_epitope_mutation
157,V,paired_epitope_mutation
157,W,paired_epitope_mutation
157,Y,paired_epitope_mutation
157,*,paired_epitope_mutation
161,A,paired_epitope_mutation
161,C,paired_epitope_mutation
161,D,paired_epitope_mutation
161,E,paired_epitope_mutation
161,F,paired_epitope_mutation
161,G,paired_epitope_mutation
161,H,paired_epitope_mutation
161,I,paired_epitope_mutation
161,K,paired_epitope_mutation
161,L,paired_epitope_mutation
161,M,paired_epitope_mutation
161,N,paired_epitope_mutation
161,P,paired_epitope_mutation
161,Q,paired_epitope_mutation
161,R,paired_epitope_mutation
161,S,paired_epitope_mutation
161,T,paired_epitope_mutation
161,V,paired_epitope_mutation
161,W,paired_epitope_mutation
161,Y,paired_epitope_mutation
161,*,paired_epitope_mutation
163,A,paired_epitope_mutation
163,C,paired_epitope_mutation
163,D,paired_epitope_mutation
163,E,paired_epitope_mutation
163,F,paired_epitope_mutation
163,G,paired_epitope_mutation
163,H,paired_epitope_mutation
163,I,paired_epitope_mutation
163,K,paired_epitope_mutation
163,L,paired_epitope_mutation
163,M,paired_epitope_mutation
163,N,paired_epitope_mutation
163,P,paired_epitope_mutation
163,Q,paired_epitope_mutation
163,R,paired_epitope_mutation
163,S,paired_epitope_mutation
163,T,paired_epitope_mutation
163,V,paired_epitope_mutation
163,W,paired_epitope_mutation
163,Y,paired_epitope_mutation
163,*,paired_epitope_mutation
178,A,paired_epitope_mutation
178,C,paired_epitope_mutation
178,D,paired_epitope_mutation
178,E,paired_epitope_mutation
178,F,paired_epitope_mutation
178,G,paired_epitope_mutation
178,H,paired_epitope_mutation
178,I,paired_epitope_mutation
178,K,paired_epitope_mutation
178,L,paired_epitope_mutation
178,M,paired_epitope_mutation
178,N,paired_epitope_mutation
178,P,paired_epitope_mutation
178,Q,paired_epitope_mutation
178,R,paired_epitope_mutation
178,S,paired_epitope_mutation
178,T,paired_epitope_mutation
178,V,paired_epitope_mutation
178,W,paired_epitope_mutation
178,Y,paired_epitope_mutation
178,*,paired_epitope_mutation
179,A,paired_epitope_mutation
179,C,paired_epitope_mutation
179,D,paired_epitope_mutation
179,E,paired_epitope_mutation
179,F,paired_epitope_mutation
179,G,paired_epitope_mutation
179,H,paired_epitope_mutation
179,I,paired_epitope_mutation
179,K,paired_epitope_mutation
179,L,paired_epitope_mutation
179,M,paired_epitope_mutation
179,N,paired_epitope_mutation
179,P,paired_epitope_mutation
179,Q,paired_epitope_mutation
179,R,paired_epitope_mutation
179,S,paired_epitope_mutation
179,T,paired_epitope_mutation
179,V,paired_epitope_mutation
179,W,paired_epitope_mutation
179,Y,paired_epitope_mutation
179,*,paired_epitope_mutation
209,A,paired_epitope_mutation
209,C,paired_epitope_mutation
209,D,paired_epitope_mutation
209,E,paired_epitope_mutation
209,F,paired_epitope_mutation
209,G,paired_epitope_mutation
209,H,paired_epitope_mutation
209,I,paired_epitope_mutation
209,K,paired_epitope_mutation
209,L,paired_epitope_mutation
209,M,paired_epitope_mutation
209,N,paired_epitope_mutation
209,P,paired_epitope_mutation
209,Q,paired_epitope_mutation
209,R,paired_epitope_mutation
209,S,paired_epitope_mutation
209,T,paired_epitope_mutation
209,V,paired_epitope_mutation
209,W,paired_epitope_mutation
209,Y,paired_epitope_mutation
209,*,paired_epitope_mutation
211,A,paired_epitope_mutation
211,C,paired_epitope_mutation
211,D,paired_epitope_mutation
211,E,paired_epitope_mutation
211,F,paired_epitope_mutation
211,G,paired_epitope_mutation
211,H,paired_epitope_mutation
211,I,paired_epitope_mutation
211,K,paired_epitope_mutation
211,L,paired_epitope_mutation
211,M,paired_epitope_mutation
211,N,paired_epitope_mutation
211,P,paired_epitope_mutation
211,Q,paired_epitope_mutation
211,R,paired_epitope_mutation
211,S,paired_epitope_mutation
211,T,paired_epitope_mutation
211,V,paired_epitope_mutation
211,W,paired_epitope_mutation
211,Y,paired_epitope_mutation
211,*,paired_epitope_mutation
212,A,paired_epitope_mutation
212,C,paired_epitope_mutation
212,D,paired_epitope_mutation
212,E,paired_epitope_mutation
212,F,paired_epitope_mutation
212,G,paired_epitope_mutation
212,H,paired_epitope_mutation
212,I,paired_epitope_mutation
212,K,paired_epitope_mutation
212,L,paired_epitope_mutation
212,M,paired_epitope_mutation
212,N,paired_epitope_mutation
212,P,paired_epitope_mutation
212,Q,paired_epitope_mutation
212,R,paired_epitope_mutation
212,S,paired_epitope_mutation
212,T,paired_epitope_mutation
212,V,paired_epitope_mutation
212,W,paired_epitope_mutation
212,Y,paired_epitope_mutation
212,*,paired_epitope_mutation
216,A,paired_epitope_mutation
216,C,paired_epitope_mutation
216,D,paired_epitope_mutation
216,E,paired_epitope_mutation
216,F,paired_epitope_mutation
216,G,paired_epitope_mutation
216,H,paired_epitope_mutation
216,I,paired_epitope_mutation
216,K,paired_epitope_mutation
216,L,paired_epitope_mutation
216,M,paired_epitope_mutation
216,N,paired_epitope_mutation
216,P,paired_epitope_mutation
216,Q,paired_epitope_mutation
216,R,paired_epitope_mutation
216,S,paired_epitope_mutation
216,T,paired_epitope_mutation
216,V,paired_epitope_mutation
216,W,paired_epitope_mutation
216,Y,paired_epitope_mutation
216,*,paired_epitope_mutation
217,A,paired_epitope_mutation
217,C,paired_epitope_mutation
217,D,paired_epitope_mutation
217,E,paired_epitope_mutation
217,F,paired_epitope_mutation
217,G,paired_epitope_mutation
217,H,paired_epitope_mutation
217,I,paired_epitope_mutation
217,K,paired_epitope_mutation
217,L,paired_epitope_mutation
217,M,paired_epitope_mutation
217,N,paired_epitope_mutation
217,P,paired_epitope_mutation
217,Q,paired_epitope_mutation
217,R,paired_epitope_mutation
217,S,paired_epitope_mutation
217,T,paired_epitope_mutation
217,V,paired_epitope_mutation
217,W,paired_epitope_mutation
217,Y,paired_epitope_mutation
217,*,paired_epitope_mutation
